Label,CopyFileA,CopyFileW,CreateDirectoryW,DeleteFileW,DeviceIoControl,FindFirstFileExW,GetFileAttributesExW,GetFileAttributesW,GetFileInformationByHandle,GetFileInformationByHandleEx,GetFileSize,GetFileSizeEx,GetFileType,GetFileVersionInfoExW,GetFileVersionInfoSizeW,GetShortPathNameW,GetSystemDirectoryA,GetSystemDirectoryW,GetSystemTimeAsFileTime,GetSystemWindowsDirectoryW,GetTempPathW,GetVolumeNameForVolumeMountPointW,GetVolumePathNamesForVolumeNameW,GetVolumePathNameW,InternetReadFile,MoveFileWithProgressW,NtCreateFile,NtDeviceIoControlFile,NtOpenDirectoryObject,NtOpenFile,NtQueryAttributesFile,NtQueryDirectoryFile,NtQueryInformationFile,NtReadFile,NtSetInformationFile,NtWriteFile,RemoveDirectoryA,RemoveDirectoryW,SearchPathW,SetEndOfFile,SetFileAttributesW,SetFileInformationByHandle,SetFilePointer,SetFilePointerEx,SetFileTime,SUMMARY_DIRECTORY_ENUMERATED,SUMMARY_DIRECTORY_REMOVED,SUMMARY_FILE_COPIED,SUMMARY_FILE_CREATED,SUMMARY_FILE_DELETED,SUMMARY_FILE_EXISTS,SUMMARY_FILE_FAILED,SUMMARY_FILE_OPENED,SUMMARY_FILE_READ,SUMMARY_FILE_RECREATED,SUMMARY_FILE_WRITTEN,URLDownloadToFileW,NtQueryFullAttributesFile
0,0,0.0,371,5.0,27.0,0.0,26,649.0,7,0.0,48.0,0.0,14.0,3,19,0.0,0,6.0,20.0,0,0.0,1,0,0.0,0,5.0,418.0,24.0,1,0.0,15.0,96.0,72.0,0.0,621.0,1794.0,0,0,3.0,39.0,0.0,0,273.0,0.0,0.0,0.0,0.0,0.0,76.0,26.0,0.0,0.0,132.0,60.0,0,14.0,0,0
0,0,0.0,24,5.0,0.0,0.0,0,192.0,0,0.0,0.0,9.0,299.0,16,2,1.0,0,7.0,667.0,7,0.0,3,2,14.0,0,0.0,0.0,1.0,2,369.0,80.0,267.0,0.0,88.0,73.0,551.0,0,0,0.0,0.0,23.0,0,853.0,0.0,99.0,47.0,4.0,0.0,130.0,18.0,84.0,0.0,147.0,46.0,1,95.0,0,0
0,0,0.0,30,1.0,5.0,4.0,52,315.0,7,3.0,95.0,12.0,91.0,0,1,0.0,0,0.0,461.0,0,0.0,0,6,1.0,0,0.0,131.0,0.0,7,491.0,48.0,236.0,0.0,0.0,0.0,490.0,0,3,22.0,475.0,13.0,0,7580.0,55.0,88.0,3.0,3.0,0.0,0.0,4.0,24.0,0.0,70.0,22.0,0,84.0,0,0
0,0,0.0,413,15.0,2.0,13.0,44,180.0,7,111.0,86.0,62.0,0.0,18,0,0.0,0,6.0,1272.0,0,1.0,4,7,0.0,0,0.0,515.0,21.0,1,206.0,65.0,160.0,0.0,0.0,65.0,217.0,0,0,0.0,78.0,11.0,0,1325.0,92.0,109.0,39.0,0.0,0.0,95.0,5.0,0.0,0.0,226.0,44.0,0,44.0,0,0
0,0,0.0,18,13.0,0.0,0.0,9,497.0,5,0.0,69.0,22.0,13.0,0,4,0.0,0,3.0,0.0,0,0.0,4,7,0.0,0,0.0,647.0,9.0,1,344.0,62.0,288.0,0.0,984.0,0.0,437.0,0,0,0.0,0.0,0.0,0,0.0,0.0,70.0,24.0,0.0,0.0,61.0,6.0,5.0,0.0,57.0,0.0,0,0.0,0,0
0,0,0.0,28,4.0,48.0,0.0,59,490.0,10,4.0,99.0,46.0,10.0,0,1,0.0,0,390.0,0.0,7,29.0,5,8,0.0,0,0.0,664.0,17.0,1,420.0,32.0,207.0,323.0,0.0,0.0,157.0,0,0,8.0,37.0,0.0,0,3170.0,0.0,16.0,28.0,0.0,0.0,0.0,4.0,276.0,17.0,296.0,33.0,0,53.0,0,0
0,0,0.0,15,1.0,45.0,0.0,17,208.0,0,51.0,19.0,1.0,131.0,1,1,0.0,0,45.0,197.0,0,0.0,8,0,0.0,0,64.0,264.0,20.0,1,0.0,60.0,40.0,504.0,0.0,0.0,1685.0,0,0,0.0,49.0,26.0,0,691.0,0.0,20.0,0.0,0.0,0.0,0.0,2.0,39.0,0.0,246.0,69.0,1,116.0,0,0
0,0,0.0,26,3.0,14.0,0.0,22,0.0,1,13.0,72.0,26.0,0.0,2,0,0.0,9,104.0,838.0,271,5.0,1,9,0.0,0,0.0,0.0,35.0,0,0.0,48.0,8.0,0.0,0.0,0.0,294.0,0,0,0.0,72.0,27.0,0,783.0,0.0,47.0,17.0,0.0,0.0,620.0,25.0,84.0,0.0,142.0,108.0,0,110.0,0,0
0,0,0.0,24,0.0,47.0,95.0,41,292.0,9,17.0,0.0,0.0,0.0,1,0,0.0,0,7.0,0.0,195,0.0,5,7,6.0,0,0.0,497.0,17.0,0,125.0,65.0,54.0,30.0,420.0,0.0,457.0,0,0,34.0,99.0,5.0,0,290.0,0.0,0.0,17.0,2.0,0.0,63.0,5.0,274.0,0.0,0.0,38.0,0,0.0,0,0
0,0,0.0,19,2.0,10.0,0.0,56,494.0,1,0.0,72.0,35.0,4.0,0,0,0.0,66,50.0,690.0,0,0.0,5,0,0.0,0,0.0,494.0,12.0,1,143.0,49.0,198.0,74.0,0.0,0.0,0.0,3,0,0.0,1285.0,23.0,0,0.0,0.0,1254.0,0.0,0.0,0.0,0.0,68.0,171.0,1.0,44.0,56.0,0,42.0,0,0
0,0,0.0,34,4.0,19.0,21.0,0,246.0,3,0.0,630.0,0.0,16.0,17,0,0.0,0,55.0,140.0,29,2.0,5,7,2.0,0,0.0,0.0,0.0,0,3311.0,66.0,0.0,0.0,1063.0,0.0,573.0,0,0,0.0,2499.0,13.0,23,5105.0,8.0,0.0,7.0,2.0,0.0,109.0,6.0,0.0,7.0,223.0,94.0,0,1999.0,0,0
0,0,0.0,14,6.0,34.0,39.0,46,266.0,15,0.0,1305.0,0.0,0.0,0,2,13.0,0,110.0,275.0,13,0.0,3,7,4.0,0,0.0,93.0,1.0,0,0.0,65.0,481.0,110.0,331.0,74.0,398.0,0,1,0.0,85.0,4.0,0,572.0,0.0,6.0,48.0,3.0,0.0,0.0,4.0,2.0,0.0,104.0,4.0,0,0.0,0,0
0,0,0.0,23,0.0,31.0,88.0,52,356.0,1,88.0,54.0,52.0,0.0,0,0,0.0,0,6.0,1269.0,0,0.0,5,8,0.0,0,0.0,161.0,2.0,0,232.0,68.0,168.0,0.0,0.0,0.0,449.0,2,1,2.0,44.0,0.0,0,837.0,32.0,156.0,24.0,4.0,0.0,82.0,21.0,247.0,14.0,72.0,109.0,0,96.0,0,0
0,0,0.0,40,26.0,7.0,0.0,39,181.0,1,5.0,92.0,43.0,0.0,16,2,0.0,0,3.0,651.0,17,0.0,7,0,0.0,0,0.0,0.0,28.0,1,1891.0,32.0,234.0,246.0,0.0,0.0,352.0,0,0,3.0,91.0,0.0,0,839.0,16.0,12.0,0.0,4.0,0.0,34.0,4.0,305.0,0.0,287.0,24.0,0,51.0,0,0
0,0,0.0,38,0.0,11.0,28.0,48,260.0,0,0.0,695.0,32.0,0.0,19,0,0.0,0,8.0,887.0,0,1.0,1,43,1.0,0,2.0,898.0,0.0,0,309.0,1.0,198.0,1621.0,0.0,0.0,486.0,0,0,13.0,2680.0,13.0,20,977.0,0.0,660.0,0.0,0.0,0.0,1850.0,4.0,79.0,0.0,729.0,32.0,1,175.0,0,0
0,0,0.0,0,2.0,46.0,0.0,0,433.0,0,28.0,0.0,6.0,0.0,0,0,1.0,0,33.0,448.0,10,0.0,3,0,0.0,0,0.0,49.0,6.0,0,422.0,0.0,218.0,0.0,0.0,0.0,440.0,0,3,0.0,1044.0,0.0,0,634.0,0.0,67.0,8.0,0.0,0.0,108.0,6.0,63.0,0.0,122.0,9.0,0,746.0,0,0
0,0,0.0,10,3.0,0.0,0.0,35,47.0,1,0.0,37.0,0.0,0.0,0,0,0.0,54,2.0,788.0,44,0.0,1,14,11.0,0,0.0,190.0,9.0,2,0.0,14.0,29.0,48.0,0.0,0.0,3559.0,0,0,0.0,26.0,17.0,0,908.0,0.0,57.0,28.0,0.0,0.0,382.0,22.0,122.0,0.0,79.0,25.0,0,352.0,0,0
0,0,0.0,32,3.0,3.0,35.0,10,513.0,6,1.0,40.0,6.0,0.0,1,4,0.0,66,3.0,502.0,0,0.0,15,8,0.0,0,0.0,0.0,29.0,1,0.0,45.0,239.0,27.0,0.0,21.0,439.0,0,0,4.0,88.0,0.0,0,198.0,0.0,120.0,8.0,0.0,0.0,0.0,4.0,18.0,0.0,223.0,28.0,1,524.0,0,0
0,0,0.0,29,3.0,33.0,0.0,36,553.0,1,30.0,101.0,0.0,0.0,3,1,0.0,50,6.0,806.0,6,0.0,9,8,14.0,0,0.0,386.0,20.0,0,0.0,65.0,117.0,17.0,0.0,0.0,0.0,0,0,1.0,43.0,6.0,0,3811.0,0.0,217.0,11.0,0.0,0.0,119.0,28.0,122.0,0.0,38.0,613.0,0,117.0,0,0
0,0,0.0,0,4.0,2.0,13.0,611,447.0,8,0.0,290.0,0.0,0.0,0,0,0.0,0,0.0,37.0,0,0.0,5,0,0.0,0,0.0,9.0,5.0,1,1864.0,221.0,122.0,0.0,103.0,0.0,261.0,0,0,36.0,0.0,17.0,0,1231.0,32.0,85.0,49.0,0.0,0.0,27.0,5.0,128.0,0.0,171.0,0.0,0,0.0,0,0
0,0,0.0,38,1.0,4.0,6.0,896,0.0,6,3.0,45.0,4.0,10.0,16,2,0.0,0,7.0,106.0,0,0.0,0,8,0.0,0,0.0,62.0,7.0,1,0.0,55.0,5.0,1057.0,0.0,65.0,287.0,0,0,6.0,77.0,9.0,0,1074.0,0.0,0.0,2.0,3.0,0.0,25.0,4.0,0.0,0.0,249.0,12.0,0,138.0,0,0
0,0,2.0,17,0.0,2.0,0.0,54,392.0,6,54.0,0.0,9.0,14.0,0,0,0.0,0,24.0,222.0,0,1.0,4,9,20.0,0,0.0,0.0,18.0,0,14.0,76.0,265.0,0.0,944.0,0.0,611.0,3,0,0.0,79.0,4.0,0,0.0,0.0,95.0,35.0,1.0,0.0,6.0,7.0,0.0,0.0,88.0,122.0,1,116.0,0,0
0,0,0.0,1,23.0,11.0,75.0,31,580.0,15,51.0,593.0,10.0,7.0,3,0,0.0,0,19.0,103.0,0,0.0,4,7,0.0,0,0.0,376.0,13.0,1,0.0,58.0,58.0,0.0,6607.0,0.0,5058.0,0,0,7.0,87.0,0.0,0,9709.0,0.0,0.0,13.0,3.0,0.0,25.0,72.0,5304.0,0.0,185.0,0.0,0,0.0,0,0
0,0,0.0,31,0.0,2.0,0.0,18,420.0,3,11.0,96.0,0.0,0.0,0,0,0.0,0,2.0,1050.0,0,0.0,5,8,0.0,0,0.0,480.0,0.0,0,0.0,68.0,302.0,0.0,0.0,0.0,280.0,0,0,36.0,79.0,2.0,0,366.0,0.0,80.0,26.0,5.0,0.0,67.0,5.0,52.0,22.0,0.0,90.0,0,172.0,0,0
0,0,0.0,288,5.0,2.0,12.0,46,64.0,4,50.0,625.0,25.0,0.0,0,1,0.0,0,60.0,194.0,0,0.0,1,0,0.0,0,0.0,2615.0,14.0,2,0.0,66.0,57.0,0.0,0.0,0.0,0.0,0,0,2.0,67.0,0.0,0,1222.0,0.0,61.0,46.0,4.0,0.0,0.0,236.0,284.0,31.0,302.0,362.0,0,86.0,0,0
0,0,0.0,25,15.0,9.0,0.0,49,5941.0,8,3.0,105.0,10.0,3.0,0,0,0.0,6,1.0,859.0,28,0.0,5,0,0.0,0,0.0,0.0,14.0,0,138.0,47.0,684.0,1664.0,0.0,56.0,227.0,0,0,0.0,236.0,0.0,0,6.0,0.0,2491.0,22.0,4.0,0.0,109.0,30.0,221.0,1.0,133.0,23.0,1,93.0,0,0
0,0,0.0,29,21.0,4.0,0.0,48,144.0,1,7.0,43.0,11.0,0.0,0,0,0.0,0,6.0,217.0,24,1.0,3,7,1.0,0,0.0,415.0,41.0,2,3872.0,14.0,0.0,0.0,0.0,7.0,39.0,0,0,3.0,444.0,0.0,9,152.0,0.0,0.0,22.0,4.0,0.0,171.0,5.0,86.0,0.0,0.0,48.0,0,56.0,0,0
0,0,0.0,3,3.0,14.0,581.0,29,9101.0,10,8.0,94.0,1.0,12.0,8,0,1.0,0,3.0,146.0,0,1.0,9,7,0.0,0,0.0,338.0,25.0,1,135.0,50.0,532.0,0.0,0.0,0.0,413.0,0,0,3.0,92.0,14.0,0,0.0,10.0,26.0,0.0,2.0,0.0,24.0,7.0,130.0,93.0,292.0,32.0,0,127.0,0,0
0,0,0.0,31,0.0,0.0,0.0,0,296.0,4,0.0,261.0,0.0,0.0,1,0,0.0,0,4.0,457.0,0,0.0,4,1,0.0,0,0.0,462.0,0.0,1,160.0,26.0,479.0,0.0,943.0,0.0,328.0,3,0,4.0,49.0,0.0,0,2.0,0.0,49.0,415.0,1.0,0.0,0.0,6.0,0.0,0.0,379.0,5.0,0,36.0,0,0
0,0,0.0,12,4.0,7.0,0.0,37,0.0,19,0.0,12.0,0.0,0.0,4,0,0.0,0,9.0,207.0,0,1.0,10,0,0.0,0,0.0,355.0,26.0,2,309.0,78.0,147.0,0.0,10267.0,83.0,362.0,0,0,0.0,60.0,10.0,0,403.0,0.0,136.0,232.0,0.0,0.0,118.0,0.0,0.0,115.0,109.0,353.0,0,23.0,0,0
0,0,0.0,5,2.0,20.0,0.0,0,434.0,5,0.0,32.0,0.0,24.0,0,1,0.0,34,6.0,92.0,0,1.0,4,8,0.0,0,0.0,437.0,7.0,0,2403.0,55.0,137.0,0.0,240.0,0.0,294.0,0,1,4.0,20.0,6.0,0,437.0,0.0,8.0,33.0,2.0,0.0,142.0,23.0,0.0,8.0,190.0,62.0,0,1204.0,0,0
0,0,0.0,9,13.0,44.0,32.0,25,541.0,7,3.0,0.0,0.0,0.0,3,3,1.0,4,8.0,48.0,96,1.0,1,3,0.0,0,2.0,52.0,38.0,0,0.0,22.0,42.0,247.0,0.0,0.0,0.0,0,3,4.0,53.0,7.0,0,261.0,0.0,65.0,26.0,2.0,0.0,150.0,189.0,0.0,0.0,99.0,0.0,0,2022.0,0,0
0,0,0.0,24,5.0,27.0,0.0,57,206.0,5,5.0,66.0,26.0,0.0,20,0,0.0,0,21.0,512.0,0,0.0,8,1,0.0,0,1.0,695.0,34.0,41,317.0,20.0,199.0,0.0,0.0,19.0,48.0,0,1,80.0,2620.0,19.0,0,26070.0,0.0,132.0,51.0,0.0,0.0,89.0,5.0,0.0,10.0,197.0,110.0,1,0.0,0,0
0,0,0.0,26,4.0,17.0,0.0,0,327.0,16,7.0,67.0,13.0,0.0,0,1,1.0,0,13.0,519.0,3,1.0,4,6,0.0,0,0.0,453.0,5.0,0,449.0,0.0,430.0,0.0,0.0,0.0,471.0,0,0,8.0,48.0,26.0,0,914.0,0.0,276.0,0.0,4.0,0.0,89.0,6.0,225.0,0.0,14.0,39.0,1,90.0,0,0
0,0,0.0,12,24.0,11.0,0.0,1608,400.0,4,30.0,70.0,0.0,217.0,12,2,0.0,0,5.0,37.0,1749,0.0,4,14,0.0,0,0.0,98.0,23.0,1,0.0,114.0,2.0,0.0,1137.0,23.0,590.0,0,1,21.0,109.0,33.0,0,624.0,0.0,0.0,46.0,0.0,0.0,810.0,235.0,67.0,0.0,87.0,22.0,0,0.0,0,0
0,0,0.0,46,5.0,1.0,0.0,41,181.0,1,5.0,515.0,20.0,26.0,21,2,3.0,0,14.0,98.0,0,0.0,9,8,0.0,0,1.0,438.0,6.0,0,210.0,0.0,424.0,0.0,0.0,0.0,0.0,0,0,64.0,90.0,0.0,0,738.0,0.0,47.0,13.0,3.0,0.0,57.0,6.0,217.0,0.0,221.0,86.0,0,25.0,0,0
0,0,2.0,32,1.0,27.0,0.0,35,399.0,7,0.0,394.0,0.0,0.0,1,0,0.0,0,54.0,71.0,0,0.0,4,8,0.0,0,0.0,593.0,1.0,1,101.0,19.0,265.0,0.0,0.0,0.0,0.0,0,1,3.0,74.0,1.0,0,1309.0,46.0,16.0,46.0,4.0,0.0,0.0,7.0,58.0,0.0,0.0,66.0,0,0.0,0,0
0,0,0.0,25,6.0,0.0,0.0,0,39.0,1,10.0,110.0,17.0,0.0,0,3,0.0,0,18.0,391.0,1129,0.0,0,0,9.0,6,0.0,365.0,4.0,1,0.0,59.0,26.0,0.0,0.0,0.0,4591.0,0,0,2.0,10.0,28.0,0,1470.0,70.0,106.0,47.0,0.0,0.0,0.0,0.0,0.0,81.0,240.0,17.0,0,0.0,0,0
0,0,0.0,43,0.0,28.0,0.0,64,469.0,1,27.0,87.0,47.0,104.0,16,0,0.0,0,36.0,513.0,0,0.0,4,0,1.0,0,6.0,755.0,8.0,0,0.0,216.0,52.0,0.0,828.0,1707.0,2812.0,0,0,0.0,0.0,1.0,0,310.0,0.0,116.0,38.0,0.0,0.0,0.0,2.0,4249.0,6.0,254.0,44.0,0,2040.0,0,0
0,0,0.0,12,3.0,6.0,44.0,46,435.0,8,10.0,35.0,0.0,0.0,17,4,0.0,0,0.0,1172.0,0,1.0,18,7,0.0,0,0.0,306.0,7.0,0,15.0,60.0,28.0,0.0,985.0,15.0,265.0,0,0,1.0,948.0,7.0,0,0.0,0.0,109.0,26.0,2.0,0.0,3.0,5.0,0.0,0.0,58.0,25.0,0,66.0,0,0
0,0,0.0,22,4.0,14.0,0.0,22,464.0,7,24.0,87.0,31.0,0.0,0,0,6.0,0,76.0,482.0,17,2.0,4,0,0.0,0,0.0,0.0,6.0,23,96.0,48.0,636.0,0.0,0.0,0.0,648.0,0,0,0.0,73.0,7.0,0,0.0,0.0,24.0,0.0,4.0,0.0,132.0,35.0,0.0,110.0,235.0,31.0,0,176.0,0,0
0,0,0.0,52,1.0,43.0,24.0,48,538.0,6,8.0,41.0,0.0,122.0,14,1,0.0,0,124.0,356.0,0,0.0,10,2,9.0,0,10.0,432.0,16.0,0,0.0,35.0,496.0,14.0,2768.0,0.0,184.0,0,0,3.0,0.0,0.0,0,415.0,0.0,55.0,12.0,2.0,0.0,98.0,98.0,127.0,0.0,0.0,16.0,0,568.0,0,0
0,0,0.0,36,4.0,4.0,0.0,63,345.0,1,0.0,38.0,27.0,9.0,12,2,3.0,0,15.0,403.0,0,30.0,5,13,0.0,0,0.0,428.0,6.0,0,229.0,229.0,468.0,1096.0,750.0,0.0,0.0,0,0,25.0,115.0,32.0,25,134.0,64.0,0.0,50.0,0.0,0.0,79.0,4.0,56.0,0.0,284.0,39.0,0,801.0,0,0
0,0,0.0,22,2.0,1.0,0.0,6,505.0,3,0.0,10.0,19.0,4.0,0,1,0.0,0,38.0,133.0,467,13.0,5,7,2.0,0,0.0,0.0,31.0,0,73.0,76.0,294.0,0.0,0.0,81.0,222.0,0,0,1.0,59.0,3.0,0,517.0,0.0,107.0,38.0,4.0,0.0,115.0,3.0,56.0,0.0,143.0,339.0,0,0.0,0,0
0,0,0.0,13,5.0,8.0,0.0,0,442.0,1,21.0,0.0,6.0,70.0,17,2,35.0,0,8.0,1227.0,9,3.0,5,9,0.0,0,0.0,499.0,12.0,0,0.0,47.0,22.0,0.0,22.0,0.0,595.0,0,0,5.0,2161.0,32.0,0,2074.0,17.0,123.0,7.0,4.0,0.0,142.0,6.0,0.0,0.0,262.0,249.0,0,74.0,0,0
0,0,10.0,139,4.0,3.0,0.0,23,182.0,1,1.0,0.0,57.0,0.0,0,2,0.0,0,60.0,160.0,785,0.0,5,8,0.0,0,0.0,238.0,22.0,1,0.0,50.0,363.0,363.0,1353.0,0.0,660.0,0,1,0.0,2209.0,15.0,0,678.0,0.0,130.0,36.0,3.0,0.0,133.0,0.0,0.0,104.0,235.0,43.0,1,113.0,0,0
0,0,0.0,11,5.0,16.0,0.0,48,300.0,7,1.0,297.0,0.0,227.0,0,0,4.0,0,27.0,55.0,4,0.0,15,6,14.0,0,0.0,432.0,0.0,0,0.0,82.0,138.0,0.0,170.0,11.0,0.0,0,0,5.0,0.0,0.0,0,4129.0,0.0,51.0,0.0,2.0,0.0,0.0,5.0,0.0,2.0,241.0,32.0,0,72.0,0,0
0,0,0.0,44,1.0,6.0,0.0,34,56.0,6,25.0,93.0,69.0,0.0,12,0,0.0,0,32.0,700.0,13,1.0,10,9,0.0,0,0.0,566.0,188.0,2,88.0,12.0,140.0,0.0,0.0,37.0,537.0,0,0,0.0,2417.0,8.0,0,8891.0,0.0,24.0,0.0,3.0,0.0,95.0,3.0,0.0,0.0,249.0,30.0,0,84.0,0,0
0,0,0.0,43,13.0,24.0,64.0,26,414.0,22,33.0,0.0,55.0,0.0,1,0,2.0,29,0.0,39.0,0,0.0,5,8,0.0,0,0.0,420.0,27.0,1,0.0,28.0,41.0,0.0,828.0,1811.0,312.0,0,3,0.0,22.0,9.0,0,0.0,0.0,118.0,26.0,2.0,0.0,167.0,4.0,6.0,0.0,188.0,41.0,0,2191.0,0,0
0,0,0.0,41,1.0,4.0,39.0,48,0.0,0,10.0,103.0,26.0,11.0,0,0,19.0,0,11.0,1438.0,0,0.0,5,7,0.0,0,6.0,420.0,0.0,1,232.0,40.0,109.0,59.0,557.0,62.0,0.0,0,0,12.0,93.0,16.0,2,5650.0,0.0,108.0,1.0,3.0,0.0,86.0,3.0,121.0,0.0,302.0,102.0,0,0.0,0,0
0,0,0.0,35,2.0,5.0,0.0,44,121.0,1,1.0,76.0,40.0,0.0,0,3,1.0,0,9.0,1311.0,0,0.0,0,7,1.0,0,0.0,369.0,1.0,1,145.0,43.0,503.0,3.0,10952.0,1940.0,352.0,0,0,19.0,2546.0,2.0,0,39453.0,36.0,42.0,30.0,3.0,0.0,72.0,2.0,0.0,81.0,323.0,105.0,2,365.0,0,0
0,0,0.0,0,0.0,4.0,0.0,11,2861.0,1,0.0,382.0,39.0,61.0,13,0,0.0,0,0.0,345.0,43,0.0,1,0,0.0,0,2.0,74.0,11.0,0,133.0,198.0,94.0,0.0,0.0,0.0,126.0,0,0,0.0,0.0,32.0,0,0.0,0.0,88.0,18.0,4.0,0.0,0.0,89.0,34.0,0.0,76.0,0.0,0,116.0,0,0
0,0,0.0,8,7.0,0.0,19.0,0,7218.0,12,0.0,29.0,9.0,0.0,10,2,0.0,0,0.0,3748.0,0,0.0,4,0,0.0,0,87.0,0.0,30.0,1,0.0,0.0,103.0,0.0,0.0,0.0,453.0,0,0,3.0,45.0,0.0,0,42.0,0.0,67.0,4.0,4.0,0.0,151.0,2.0,266.0,0.0,211.0,52.0,1,17.0,0,0
0,0,0.0,29,4.0,38.0,0.0,5,128.0,1,0.0,30.0,3.0,0.0,0,0,0.0,0,9.0,120.0,56,4.0,5,0,0.0,0,0.0,492.0,12.0,1,190.0,72.0,279.0,1667.0,14602.0,0.0,306.0,0,0,0.0,4.0,0.0,1,646.0,0.0,0.0,5.0,0.0,0.0,87.0,6.0,20.0,0.0,148.0,0.0,0,93.0,0,0
0,0,0.0,9,64.0,42.0,0.0,45,1637.0,1,51.0,1316.0,39.0,3.0,0,0,0.0,0,2.0,144.0,2,0.0,4,13,14.0,0,0.0,577.0,15.0,1,0.0,6.0,267.0,327.0,21.0,0.0,570.0,0,1,5.0,48.0,0.0,0,4084.0,1.0,110.0,7.0,0.0,0.0,82.0,2.0,1999.0,0.0,269.0,30.0,0,594.0,0,0
0,0,1.0,1,3.0,4.0,5.0,0,486.0,1,2.0,48.0,69.0,12.0,0,15,1.0,0,44.0,311.0,0,0.0,4,18,14.0,0,0.0,520.0,32.0,1,0.0,52.0,15.0,0.0,0.0,8.0,406.0,0,1,0.0,0.0,33.0,0,5148.0,48.0,125.0,42.0,0.0,0.0,106.0,0.0,178.0,0.0,213.0,102.0,0,2561.0,0,0
0,0,3.0,44,4.0,19.0,28.0,32,482.0,0,43.0,183.0,41.0,21.0,0,0,1.0,0,0.0,123.0,0,0.0,4,0,0.0,0,0.0,602.0,6.0,2,136.0,64.0,390.0,58.0,4606.0,0.0,300.0,0,0,0.0,4.0,16.0,0,0.0,0.0,0.0,26.0,4.0,0.0,46.0,16.0,160.0,0.0,108.0,67.0,0,1.0,0,0
0,0,0.0,16,5.0,54.0,586.0,60,1314.0,7,0.0,30.0,42.0,0.0,18,1,0.0,2,12.0,1036.0,0,0.0,1,10,3.0,0,0.0,587.0,25.0,0,170.0,14.0,465.0,155.0,11405.0,0.0,2973.0,0,0,0.0,758.0,0.0,0,635.0,0.0,1888.0,5.0,4.0,0.0,102.0,79.0,17.0,0.0,125.0,655.0,1,40.0,0,0
0,0,0.0,23,0.0,43.0,18.0,22,9838.0,5,19.0,80.0,31.0,8.0,1,2,1.0,1690,9.0,1063.0,0,1.0,5,20,1.0,0,0.0,255.0,0.0,0,0.0,262.0,199.0,0.0,0.0,0.0,309.0,0,0,0.0,9.0,12.0,0,0.0,0.0,64.0,12.0,4.0,0.0,97.0,6.0,45.0,0.0,288.0,6.0,0,674.0,0,0
0,0,0.0,5,0.0,46.0,0.0,54,244.0,8,57.0,0.0,0.0,0.0,12,1,0.0,0,0.0,391.0,0,7.0,4,0,0.0,0,4.0,686.0,9.0,1,0.0,40.0,154.0,0.0,0.0,56.0,730.0,0,2,0.0,0.0,0.0,0,0.0,0.0,131.0,33.0,0.0,0.0,96.0,2.0,0.0,0.0,100.0,59.0,0,0.0,0,0
0,0,0.0,29,0.0,33.0,16.0,55,567.0,0,0.0,21.0,55.0,0.0,13,0,0.0,0,11.0,441.0,0,1.0,4,8,1.0,0,0.0,386.0,3.0,1,79.0,31.0,53.0,42.0,278.0,0.0,182.0,0,1,1.0,75.0,2.0,0,946.0,0.0,0.0,51.0,3.0,0.0,75.0,6.0,302.0,1.0,344.0,90.0,0,826.0,0,0
0,0,0.0,38,8.0,0.0,0.0,52,49.0,3,0.0,681.0,21.0,0.0,0,0,0.0,0,18.0,463.0,0,0.0,5,0,0.0,0,0.0,490.0,0.0,0,17.0,61.0,212.0,0.0,0.0,0.0,403.0,0,0,50.0,1761.0,16.0,0,78.0,20.0,33.0,145.0,0.0,0.0,60.0,3.0,121.0,0.0,157.0,105.0,0,29.0,0,0
0,0,0.0,9,23.0,7.0,0.0,53,158.0,5,0.0,55.0,0.0,9.0,0,2,0.0,32,34.0,178.0,0,0.0,5,9,2.0,0,0.0,456.0,2.0,3,206.0,35.0,416.0,0.0,0.0,0.0,349.0,0,0,40.0,1738.0,33.0,0,2364.0,0.0,37.0,36.0,14.0,0.0,101.0,6.0,99.0,0.0,0.0,29.0,0,2629.0,0,0
0,0,0.0,59,17.0,12.0,0.0,1280,455.0,13,36.0,0.0,18.0,0.0,0,0,0.0,0,13.0,587.0,0,13.0,5,9,1.0,0,0.0,748.0,25.0,0,523.0,27.0,181.0,0.0,1762.0,34.0,0.0,2,0,2.0,32.0,11.0,0,267.0,0.0,44.0,44.0,2.0,0.0,127.0,31.0,109.0,69.0,2764.0,98.0,0,124.0,0,0
0,0,0.0,36,1.0,2.0,30.0,31,378.0,10,0.0,113.0,49.0,4.0,15,1,0.0,0,22.0,1143.0,943,0.0,5,9,11.0,0,0.0,621.0,16.0,0,375.0,0.0,327.0,0.0,0.0,0.0,195.0,0,0,0.0,0.0,22.0,0,964.0,0.0,0.0,45.0,0.0,0.0,18.0,4.0,143.0,5.0,137.0,44.0,1,158.0,0,0
0,0,0.0,27,0.0,23.0,0.0,25,485.0,4,15.0,66.0,0.0,0.0,7,0,24.0,0,0.0,679.0,25,0.0,4,8,13.0,0,5.0,348.0,0.0,1,0.0,27.0,0.0,0.0,0.0,46.0,47.0,0,0,0.0,54.0,3.0,0,839.0,5.0,64.0,37.0,4.0,0.0,0.0,5.0,21.0,0.0,97.0,50.0,0,30.0,0,0
0,0,0.0,28,26.0,3.0,17.0,48,75.0,5,6.0,73.0,0.0,7.0,0,3,0.0,16,27.0,450.0,0,0.0,19,7,0.0,0,0.0,175.0,3.0,1,0.0,37.0,255.0,0.0,992.0,0.0,293.0,0,0,2.0,5.0,0.0,0,0.0,0.0,44.0,46.0,2.0,0.0,2024.0,2.0,0.0,0.0,275.0,85.0,0,0.0,0,0
0,0,0.0,27,0.0,0.0,18.0,0,364.0,0,44.0,58.0,8.0,12.0,4,2,1.0,0,107.0,47.0,0,1.0,0,2,12.0,0,138.0,277.0,5.0,2,2405.0,18.0,352.0,0.0,0.0,0.0,515.0,0,1,6.0,61.0,32.0,0,623.0,0.0,0.0,8.0,1.0,0.0,107.0,2.0,0.0,148.0,151.0,566.0,0,710.0,0,0
0,0,0.0,36,0.0,10.0,0.0,29,561.0,3,117.0,75.0,34.0,0.0,0,0,0.0,0,44.0,526.0,0,6.0,5,8,0.0,0,68.0,273.0,201.0,0,1410.0,0.0,210.0,21.0,563.0,49.0,227.0,0,0,30.0,62.0,0.0,0,413.0,14.0,114.0,44.0,0.0,0.0,139.0,2.0,8.0,0.0,93.0,49.0,3,117.0,0,0
0,0,0.0,41,15.0,8.0,71.0,12,210.0,15,0.0,0.0,45.0,0.0,0,0,0.0,0,19.0,306.0,0,0.0,5,7,0.0,0,0.0,688.0,17.0,25,0.0,26.0,275.0,40.0,0.0,1.0,0.0,0,3,0.0,7.0,24.0,0,5547.0,2.0,106.0,0.0,0.0,0.0,1048.0,101.0,93.0,144.0,71.0,25.0,0,111.0,0,0
0,0,0.0,66,4.0,24.0,14.0,40,410.0,5,0.0,87.0,40.0,0.0,0,0,0.0,20,122.0,160.0,835,0.0,1,0,1.0,0,0.0,287.0,17.0,0,253.0,24.0,807.0,0.0,0.0,0.0,219.0,0,0,0.0,55.0,0.0,0,851.0,0.0,0.0,12.0,0.0,0.0,1923.0,4.0,291.0,0.0,206.0,81.0,0,130.0,0,0
0,0,0.0,28,0.0,11.0,0.0,5,419.0,1,0.0,333.0,64.0,0.0,0,0,1.0,0,10.0,998.0,0,5.0,5,7,16.0,0,0.0,480.0,7.0,0,169.0,55.0,61.0,0.0,0.0,7.0,5084.0,0,2,0.0,45.0,12.0,0,3678.0,0.0,85.0,27.0,2.0,0.0,96.0,2.0,130.0,0.0,204.0,25.0,0,50.0,0,0
0,0,0.0,12,7.0,5.0,0.0,47,328.0,11,1.0,80.0,0.0,0.0,0,1,0.0,0,8.0,517.0,0,0.0,4,7,0.0,0,0.0,485.0,10.0,1,0.0,38.0,21.0,0.0,306.0,11.0,7974.0,0,1,0.0,438.0,4.0,0,933.0,0.0,46.0,0.0,4.0,0.0,163.0,6.0,1621.0,2.0,97.0,92.0,2,51.0,0,0
0,0,0.0,0,3.0,0.0,0.0,38,9278.0,4,0.0,6.0,16.0,0.0,1,1,0.0,0,46.0,1185.0,20,2.0,1,8,0.0,0,0.0,80.0,15.0,1,0.0,65.0,0.0,0.0,0.0,0.0,4083.0,0,0,9.0,92.0,5.0,0,971.0,0.0,76.0,22.0,13.0,0.0,115.0,3.0,59.0,0.0,118.0,31.0,0,239.0,0,0
0,0,0.0,39,34.0,47.0,2994.0,12,297.0,8,0.0,25.0,18.0,0.0,19,2,0.0,10,46.0,182.0,225,0.0,5,8,0.0,0,0.0,192.0,29.0,1,0.0,39.0,229.0,117.0,1096.0,0.0,157.0,0,0,6.0,52.0,0.0,0,256.0,0.0,0.0,21.0,1.0,0.0,115.0,83.0,0.0,0.0,204.0,9.0,0,13.0,0,0
0,0,0.0,8,3.0,13.0,94.0,60,146.0,1,1.0,37.0,48.0,0.0,1,0,0.0,0,12.0,165.0,585,0.0,4,8,0.0,0,3.0,650.0,34.0,1,0.0,203.0,0.0,0.0,1077.0,0.0,680.0,0,0,0.0,102.0,16.0,0,908.0,0.0,0.0,20.0,2.0,0.0,177.0,5.0,0.0,0.0,275.0,97.0,0,107.0,0,0
0,0,0.0,17,4.0,5.0,0.0,41,8.0,8,0.0,80.0,26.0,0.0,1,2,0.0,27,15.0,112.0,0,0.0,4,9,17.0,0,0.0,537.0,1.0,1,83.0,244.0,22.0,1540.0,993.0,14.0,3726.0,0,0,0.0,1865.0,0.0,0,928.0,0.0,54.0,240.0,0.0,0.0,167.0,2.0,111.0,0.0,128.0,59.0,0,70.0,0,0
0,0,0.0,22,5.0,48.0,0.0,46,496.0,0,0.0,0.0,29.0,0.0,3,0,0.0,0,3.0,61.0,0,1.0,4,17,1.0,0,0.0,334.0,918.0,1,273.0,230.0,208.0,0.0,0.0,50.0,388.0,0,0,3.0,2785.0,20.0,0,495.0,37.0,0.0,1.0,0.0,0.0,138.0,5.0,69.0,4.0,110.0,17.0,0,25.0,0,0
0,0,0.0,2,4.0,3.0,0.0,9,567.0,1,29.0,0.0,26.0,0.0,0,0,1.0,0,0.0,73.0,315,2.0,4,1,14.0,0,0.0,339.0,37.0,2,150.0,80.0,423.0,0.0,3037.0,12.0,115.0,1,1,0.0,0.0,32.0,0,831.0,0.0,74.0,47.0,1.0,0.0,132.0,6.0,101.0,5.0,267.0,0.0,8,129.0,0,0
0,0,0.0,30,2.0,11.0,35.0,40,317.0,13,58.0,83.0,48.0,0.0,16,0,13.0,0,150.0,778.0,0,1.0,4,9,18.0,0,5.0,758.0,32.0,0,172.0,57.0,397.0,0.0,34.0,0.0,0.0,0,0,1.0,65.0,0.0,0,1179.0,0.0,55.0,17.0,0.0,0.0,104.0,5.0,175.0,2.0,211.0,43.0,0,607.0,0,0
0,0,0.0,91,0.0,10.0,0.0,54,8532.0,1,9.0,81.0,0.0,293.0,0,1,1.0,0,10.0,33.0,0,0.0,0,0,0.0,0,6.0,496.0,0.0,0,0.0,59.0,176.0,0.0,635.0,0.0,60.0,2,2,62.0,32.0,0.0,0,1049.0,0.0,43.0,5.0,1.0,0.0,60.0,5.0,0.0,0.0,0.0,23.0,0,42.0,0,0
0,0,0.0,100,7.0,42.0,0.0,19,96.0,12,31.0,479.0,17.0,0.0,0,1,0.0,0,37.0,4163.0,3,0.0,2,7,0.0,0,0.0,3565.0,20.0,1,111.0,43.0,150.0,0.0,0.0,0.0,4397.0,0,0,5.0,53.0,25.0,0,714.0,63.0,2.0,33.0,3.0,0.0,106.0,3.0,201.0,0.0,348.0,26.0,0,36.0,0,0
0,0,0.0,41,6.0,12.0,0.0,59,241.0,0,0.0,444.0,2.0,0.0,1,3,0.0,0,3.0,222.0,23,2.0,4,0,0.0,0,0.0,412.0,32.0,2,215.0,0.0,45.0,2501.0,0.0,0.0,598.0,0,2,13.0,85.0,0.0,0,5934.0,0.0,2095.0,29.0,0.0,0.0,76.0,3.0,0.0,0.0,114.0,52.0,0,21.0,0,0
0,0,0.0,20,5.0,5.0,0.0,0,531.0,1,21.0,17.0,66.0,0.0,1,0,0.0,3,35.0,101.0,0,1.0,1,8,0.0,0,0.0,309.0,21.0,1,208.0,22.0,27.0,0.0,0.0,0.0,636.0,0,1,6.0,108.0,0.0,0,483.0,0.0,0.0,34.0,4.0,0.0,150.0,6.0,0.0,0.0,229.0,80.0,0,689.0,0,1
0,0,0.0,29,3.0,43.0,0.0,38,624.0,6,53.0,42.0,38.0,0.0,0,0,0.0,0,0.0,1529.0,39,0.0,5,7,9.0,0,4.0,550.0,27.0,1,0.0,64.0,171.0,0.0,0.0,14.0,306.0,3,0,8.0,2345.0,0.0,0,271.0,8.0,57.0,18.0,0.0,0.0,162.0,5.0,0.0,16.0,186.0,69.0,0,83.0,0,0
0,0,0.0,6,31.0,0.0,0.0,2169,188.0,22,7.0,1588.0,58.0,7.0,7,1,0.0,0,5.0,1107.0,1109,0.0,5,8,17.0,0,9.0,742.0,27.0,1,281.0,87.0,75.0,301.0,0.0,0.0,248.0,0,0,1.0,123.0,22.0,0,361.0,33.0,134.0,45.0,3.0,0.0,132.0,65.0,0.0,0.0,197.0,83.0,0,164.0,0,0
0,0,0.0,37,5.0,10.0,0.0,47,275.0,1,12.0,0.0,26.0,15.0,1,0,0.0,0,50.0,21.0,1888,0.0,5,8,11.0,0,3.0,0.0,540.0,2,0.0,27.0,240.0,1039.0,0.0,0.0,0.0,0,0,49.0,2451.0,0.0,0,12.0,0.0,0.0,53.0,2.0,0.0,322.0,5.0,278.0,0.0,320.0,64.0,0,37.0,0,0
0,0,0.0,37,0.0,8.0,0.0,32,453.0,12,10.0,101.0,0.0,7.0,0,0,0.0,0,36.0,64.0,6,0.0,5,9,17.0,0,0.0,299.0,0.0,0,316.0,66.0,254.0,182.0,1322.0,0.0,0.0,0,0,8.0,2723.0,5.0,0,7717.0,0.0,141.0,21.0,0.0,0.0,62.0,4.0,1.0,0.0,308.0,16.0,1,172.0,0,0
0,0,0.0,28,25.0,46.0,0.0,47,1759.0,15,0.0,0.0,56.0,190.0,20,0,0.0,11,54.0,1054.0,0,1.0,5,8,0.0,0,0.0,379.0,34.0,0,0.0,39.0,255.0,37.0,0.0,0.0,0.0,0,0,6.0,128.0,0.0,0,3708.0,0.0,0.0,9.0,4.0,0.0,171.0,34.0,371.0,0.0,16.0,77.0,2,153.0,0,0
0,0,0.0,329,7.0,34.0,10.0,41,181.0,0,4.0,0.0,0.0,6.0,0,0,0.0,0,5.0,818.0,1184,0.0,0,7,0.0,0,7.0,289.0,23.0,0,0.0,21.0,0.0,0.0,109.0,0.0,4736.0,1,2,0.0,98.0,9.0,0,934.0,0.0,0.0,0.0,5.0,0.0,58.0,3.0,132.0,0.0,58.0,419.0,0,59.0,0,0
0,0,0.0,37,0.0,5.0,12.0,437,706.0,20,0.0,431.0,12.0,33.0,10,0,1.0,10,16.0,328.0,0,0.0,5,9,0.0,0,0.0,470.0,32.0,0,46.0,73.0,355.0,352.0,0.0,0.0,0.0,3,0,3.0,347.0,31.0,0,475.0,0.0,66.0,67.0,4.0,0.0,506.0,5.0,367.0,0.0,749.0,51.0,0,59.0,0,0
0,0,0.0,31,0.0,3.0,0.0,51,439.0,16,105.0,0.0,36.0,18.0,13,0,0.0,0,4.0,1230.0,4,0.0,5,33,0.0,0,0.0,690.0,21.0,0,16.0,79.0,168.0,0.0,457.0,0.0,491.0,0,0,0.0,57.0,0.0,0,4291.0,0.0,108.0,32.0,5.0,0.0,17.0,29.0,0.0,3.0,136.0,33.0,0,88.0,0,0
0,0,0.0,36,3.0,0.0,0.0,19,689.0,0,6.0,436.0,13.0,0.0,0,0,0.0,33,72.0,131.0,0,0.0,0,9,0.0,0,0.0,144.0,12.0,0,0.0,0.0,102.0,464.0,0.0,0.0,335.0,0,0,5.0,400.0,15.0,0,1193.0,0.0,0.0,114.0,4.0,0.0,53.0,5.0,0.0,0.0,0.0,0.0,0,40.0,0,0
0,0,0.0,35,0.0,9.0,0.0,55,92.0,1,0.0,56.0,69.0,0.0,0,0,0.0,64,5.0,141.0,0,1.0,16,1,1.0,0,0.0,135.0,185.0,1,2923.0,63.0,87.0,0.0,1344.0,0.0,495.0,0,0,8.0,0.0,2.0,0,557.0,0.0,1110.0,27.0,2.0,0.0,100.0,5.0,0.0,0.0,196.0,59.0,0,834.0,0,0
0,0,2.0,20,6.0,7.0,227.0,49,532.0,7,61.0,127.0,0.0,0.0,0,0,0.0,0,40.0,96.0,0,0.0,1,23,1.0,0,0.0,0.0,24.0,1,358.0,217.0,239.0,1999.0,0.0,1590.0,381.0,0,3,18.0,15.0,11.0,0,170.0,0.0,0.0,54.0,0.0,0.0,0.0,7.0,0.0,0.0,82.0,0.0,0,36.0,0,2
0,0,0.0,12,0.0,4.0,0.0,44,391.0,0,3.0,3.0,0.0,0.0,0,0,0.0,0,35.0,39.0,0,1.0,5,8,1.0,0,0.0,494.0,8.0,0,5700.0,54.0,0.0,74.0,0.0,0.0,0.0,0,2,2.0,41.0,18.0,0,3999.0,0.0,71.0,784.0,3.0,0.0,23.0,59.0,0.0,0.0,156.0,70.0,0,624.0,0,0
0,0,0.0,25,20.0,6.0,72.0,20,466.0,6,5.0,0.0,49.0,0.0,14,0,0.0,13,3.0,93.0,61,0.0,11,2,0.0,0,0.0,193.0,35.0,0,0.0,253.0,206.0,767.0,621.0,14.0,589.0,0,0,1.0,110.0,30.0,14,3209.0,0.0,914.0,0.0,0.0,0.0,560.0,3.0,171.0,1.0,287.0,21.0,1,116.0,0,0
0,0,0.0,35,4.0,0.0,0.0,0,274.0,17,52.0,35.0,0.0,11.0,0,0,0.0,0,63.0,1252.0,67,0.0,4,1,0.0,0,15.0,0.0,7.0,1,0.0,19.0,160.0,0.0,0.0,0.0,562.0,2,1,2.0,41.0,28.0,0,173.0,0.0,680.0,26.0,0.0,0.0,102.0,262.0,0.0,54.0,230.0,0.0,0,110.0,0,0
0,0,0.0,43,7.0,43.0,0.0,43,469.0,7,55.0,28.0,0.0,0.0,15,1,0.0,0,40.0,1539.0,58,0.0,5,7,16.0,0,0.0,674.0,19.0,0,0.0,50.0,43.0,314.0,0.0,0.0,26.0,0,0,0.0,59.0,22.0,17,1023.0,0.0,2584.0,23.0,4.0,0.0,0.0,4.0,0.0,69.0,321.0,64.0,0,11.0,0,0
0,0,0.0,36,3.0,9.0,101.0,8,462.0,1,0.0,28.0,14.0,57.0,14,0,0.0,59,23.0,224.0,1044,15.0,0,0,0.0,0,0.0,290.0,20.0,0,0.0,239.0,0.0,0.0,0.0,1644.0,616.0,0,0,0.0,108.0,13.0,0,928.0,8.0,0.0,0.0,0.0,0.0,7.0,6.0,0.0,0.0,2221.0,6.0,0,0.0,0,0
0,0,0.0,20,3.0,1.0,0.0,9,0.0,0,32.0,121.0,57.0,0.0,0,3,0.0,0,31.0,1097.0,0,0.0,0,0,0.0,0,0.0,379.0,6.0,0,326.0,14.0,185.0,0.0,0.0,0.0,661.0,0,0,0.0,182.0,3.0,14,8242.0,1.0,39.0,8.0,0.0,0.0,0.0,5.0,29.0,0.0,189.0,106.0,0,87.0,0,0
0,0,0.0,22,4.0,0.0,0.0,18,98.0,0,35.0,0.0,0.0,11.0,1,3,0.0,0,1.0,427.0,6,0.0,14,7,11.0,0,33.0,412.0,9.0,0,0.0,70.0,328.0,423.0,0.0,0.0,497.0,0,2,7.0,40.0,21.0,0,0.0,0.0,60.0,48.0,4.0,0.0,617.0,6.0,171.0,19.0,0.0,26.0,2,488.0,0,0
0,0,0.0,41,2.0,12.0,0.0,25,216.0,1,0.0,0.0,0.0,16.0,0,0,0.0,0,0.0,1019.0,0,0.0,3,6,0.0,0,0.0,183.0,17.0,1,0.0,80.0,202.0,0.0,0.0,33.0,707.0,0,0,7.0,5.0,0.0,0,8354.0,49.0,152.0,33.0,0.0,0.0,130.0,5.0,39.0,0.0,254.0,27.0,0,74.0,0,0
0,0,0.0,24,5.0,7.0,0.0,0,470.0,1,0.0,100.0,68.0,0.0,15,0,4.0,17,37.0,116.0,0,0.0,4,45,4.0,0,0.0,675.0,27.0,1,139.0,63.0,213.0,51.0,143.0,0.0,276.0,0,0,0.0,75.0,18.0,0,524.0,0.0,50.0,0.0,2.0,0.0,80.0,6.0,0.0,0.0,77.0,22.0,0,2336.0,0,0
0,0,0.0,41,0.0,11.0,0.0,52,514.0,8,0.0,19.0,58.0,480.0,0,0,0.0,0,176.0,3608.0,0,0.0,4,7,15.0,0,0.0,514.0,3.0,2,78.0,76.0,0.0,0.0,1793.0,0.0,62.0,0,0,0.0,28.0,22.0,0,0.0,0.0,0.0,0.0,0.0,0.0,145.0,7.0,279.0,0.0,313.0,299.0,1,652.0,0,0
0,0,0.0,30,5.0,34.0,0.0,18,3594.0,6,1.0,48.0,0.0,0.0,0,0,0.0,0,10.0,0.0,64,0.0,4,9,15.0,0,0.0,41.0,222.0,2,0.0,30.0,79.0,53.0,0.0,507.0,419.0,0,0,0.0,83.0,21.0,0,897.0,0.0,0.0,0.0,2.0,0.0,13.0,23.0,0.0,0.0,283.0,0.0,0,0.0,0,0
0,0,2.0,0,2.0,17.0,0.0,8,262.0,1,70.0,61.0,38.0,0.0,0,1,0.0,8,0.0,1309.0,0,0.0,4,8,7.0,0,9.0,551.0,0.0,1,0.0,36.0,127.0,416.0,0.0,0.0,627.0,0,1,0.0,0.0,30.0,0,1031.0,0.0,45.0,35.0,14.0,0.0,29.0,28.0,36.0,0.0,70.0,14.0,0,42.0,0,0
0,0,0.0,31,16.0,0.0,0.0,49,367.0,1,0.0,19.0,49.0,156.0,3,0,0.0,1151,0.0,910.0,0,0.0,4,7,8.0,0,1.0,108.0,19.0,0,89.0,64.0,161.0,22.0,1377.0,0.0,2234.0,0,0,0.0,114.0,0.0,0,3239.0,0.0,47.0,0.0,0.0,0.0,57.0,16.0,0.0,14.0,787.0,5.0,0,57.0,0,0
0,0,0.0,42,5.0,5.0,0.0,0,473.0,8,0.0,17.0,0.0,18.0,0,2,0.0,12,21.0,777.0,119,0.0,4,7,0.0,0,4.0,1208.0,1.0,0,7.0,41.0,194.0,562.0,0.0,0.0,365.0,0,0,0.0,112.0,0.0,0,184.0,0.0,7.0,25.0,0.0,0.0,103.0,3.0,35.0,0.0,323.0,23.0,0,134.0,0,0
0,0,0.0,0,28.0,23.0,0.0,0,483.0,21,0.0,22.0,0.0,0.0,0,0,0.0,0,0.0,157.0,47,0.0,1,7,1.0,0,0.0,312.0,10.0,2,4338.0,257.0,261.0,437.0,0.0,2.0,154.0,0,0,1.0,2128.0,0.0,0,505.0,0.0,136.0,4.0,0.0,0.0,78.0,29.0,2388.0,0.0,218.0,20.0,2,63.0,0,0
0,0,0.0,31,5.0,11.0,8.0,47,240.0,0,0.0,26.0,38.0,34.0,14,1,0.0,65,17.0,109.0,0,0.0,5,9,0.0,0,0.0,175.0,8.0,2,389.0,76.0,33.0,0.0,5423.0,0.0,539.0,0,0,0.0,104.0,33.0,11,0.0,0.0,69.0,53.0,0.0,0.0,131.0,5.0,120.0,0.0,268.0,0.0,0,11.0,0,0
0,0,0.0,31,2.0,8.0,0.0,32,608.0,6,10.0,13.0,52.0,0.0,0,6,0.0,0,8.0,116.0,260,1.0,1,2,0.0,0,11.0,390.0,14.0,0,0.0,50.0,313.0,340.0,0.0,0.0,468.0,0,0,3.0,29.0,18.0,0,32556.0,14.0,104.0,19.0,1.0,0.0,124.0,3.0,72.0,4.0,252.0,28.0,0,13.0,0,0
0,0,0.0,374,5.0,24.0,32.0,40,557.0,7,0.0,305.0,9.0,0.0,13,0,0.0,0,52.0,195.0,0,1.0,5,24,0.0,0,0.0,0.0,14.0,1,0.0,72.0,7.0,172.0,0.0,116.0,3641.0,0,0,0.0,10.0,31.0,0,450.0,0.0,3.0,143.0,0.0,0.0,0.0,4.0,0.0,0.0,254.0,80.0,0,230.0,0,0
0,0,0.0,26,7.0,10.0,0.0,41,220.0,22,0.0,73.0,0.0,0.0,9,0,0.0,0,11.0,27.0,0,0.0,5,9,0.0,0,0.0,441.0,21.0,0,227.0,48.0,280.0,179.0,0.0,0.0,320.0,0,2,3.0,44.0,18.0,0,0.0,0.0,137.0,519.0,0.0,0.0,0.0,66.0,277.0,0.0,103.0,100.0,0,0.0,0,0
0,0,0.0,43,0.0,25.0,0.0,3,323.0,1,0.0,8.0,0.0,0.0,0,0,0.0,0,25.0,4.0,0,0.0,24,7,0.0,0,0.0,343.0,0.0,0,0.0,6.0,259.0,1980.0,291.0,0.0,609.0,0,1,0.0,72.0,25.0,0,8638.0,0.0,0.0,20.0,4.0,0.0,0.0,5.0,1780.0,0.0,0.0,93.0,0,79.0,0,0
0,0,0.0,30,0.0,6.0,7.0,43,541.0,4,12.0,58.0,0.0,0.0,0,0,0.0,0,31.0,515.0,87,0.0,1,7,3.0,0,1.0,343.0,8.0,2,556.0,79.0,225.0,199.0,58.0,0.0,238.0,0,0,0.0,69.0,11.0,0,0.0,0.0,79.0,44.0,0.0,0.0,119.0,4.0,0.0,101.0,67.0,13.0,0,128.0,0,0
0,0,0.0,38,0.0,60.0,57.0,26,187.0,1,29.0,452.0,56.0,214.0,0,0,21.0,16,32.0,808.0,16,0.0,1,8,0.0,0,158.0,2749.0,1.0,0,335.0,59.0,136.0,367.0,816.0,9.0,262.0,0,0,4.0,56.0,14.0,0,606.0,39.0,99.0,36.0,3.0,0.0,105.0,3.0,0.0,0.0,236.0,92.0,1,2.0,0,0
0,0,0.0,323,2.0,12.0,16.0,53,10224.0,18,0.0,62.0,26.0,0.0,22,3,0.0,0,55.0,1227.0,0,1.0,4,7,1.0,0,0.0,140.0,15.0,0,176.0,13.0,171.0,58.0,692.0,0.0,362.0,0,0,1.0,110.0,0.0,0,819.0,21.0,0.0,26.0,0.0,0.0,21.0,6.0,105.0,0.0,0.0,12.0,0,81.0,0,0
0,0,0.0,26,3.0,0.0,0.0,0,479.0,5,12.0,25.0,0.0,178.0,8,6,0.0,0,0.0,3062.0,0,0.0,4,7,0.0,0,4.0,651.0,0.0,1,0.0,42.0,386.0,0.0,0.0,18.0,598.0,0,0,40.0,0.0,6.0,0,5977.0,0.0,87.0,42.0,0.0,0.0,134.0,2.0,889.0,12.0,218.0,99.0,0,147.0,0,0
0,0,0.0,263,1.0,2.0,0.0,59,590.0,14,120.0,68.0,22.0,242.0,11,2,1.0,0,1.0,40.0,0,1.0,4,1,0.0,0,0.0,2389.0,12.0,1,0.0,28.0,0.0,1018.0,0.0,0.0,1449.0,0,0,5.0,26.0,28.0,0,0.0,0.0,0.0,17.0,0.0,0.0,93.0,4.0,57.0,4.0,0.0,73.0,0,43.0,0,0
0,0,0.0,14,2.0,26.0,8.0,14,7469.0,4,25.0,96.0,0.0,0.0,0,0,1.0,16,12.0,83.0,2,0.0,5,8,13.0,0,0.0,402.0,0.0,1,300.0,211.0,178.0,0.0,364.0,81.0,485.0,0,0,2.0,0.0,1.0,0,578.0,5.0,100.0,0.0,0.0,0.0,0.0,2.0,74.0,0.0,176.0,42.0,0,0.0,0,0
0,0,0.0,35,6.0,7.0,94.0,11,7.0,4,0.0,277.0,44.0,0.0,0,0,4.0,0,42.0,240.0,59,1.0,5,0,0.0,0,0.0,816.0,13.0,1,297.0,63.0,210.0,0.0,0.0,0.0,461.0,0,0,1.0,2672.0,3.0,2,1250.0,0.0,32.0,21.0,0.0,0.0,0.0,6.0,0.0,11.0,2375.0,24.0,0,0.0,0,0
0,0,0.0,25,3.0,5.0,36.0,6,456.0,0,5.0,55.0,29.0,0.0,0,0,0.0,30,4.0,154.0,7,0.0,5,7,0.0,0,0.0,0.0,9.0,0,173.0,20.0,373.0,0.0,229.0,0.0,173.0,0,0,4.0,119.0,0.0,0,0.0,0.0,58.0,40.0,4.0,0.0,143.0,29.0,114.0,0.0,172.0,41.0,0,48.0,0,1
0,0,0.0,323,1.0,11.0,31.0,59,324.0,1,0.0,91.0,36.0,0.0,2,1,0.0,10,0.0,550.0,91,0.0,5,9,1.0,0,0.0,300.0,26.0,0,0.0,27.0,21.0,761.0,289.0,0.0,238.0,3,1,0.0,68.0,0.0,0,584.0,0.0,348.0,38.0,0.0,0.0,64.0,3.0,0.0,0.0,149.0,34.0,0,54.0,0,0
0,0,0.0,39,6.0,16.0,0.0,29,580.0,6,12.0,0.0,0.0,11.0,0,1,1.0,0,125.0,554.0,2069,0.0,2,8,7.0,0,0.0,530.0,13.0,1,0.0,70.0,247.0,0.0,71.0,0.0,317.0,2,0,0.0,91.0,14.0,0,796.0,0.0,139.0,36.0,0.0,0.0,73.0,1.0,21.0,0.0,0.0,23.0,0,146.0,0,0
0,0,0.0,29,15.0,27.0,5.0,52,451.0,5,1.0,67.0,73.0,0.0,0,0,0.0,30,40.0,390.0,0,0.0,5,9,12.0,0,0.0,484.0,32.0,0,206.0,30.0,105.0,0.0,0.0,37.0,207.0,0,0,0.0,520.0,0.0,0,220.0,0.0,30.0,35.0,4.0,0.0,0.0,72.0,0.0,0.0,192.0,82.0,0,715.0,0,1
0,0,0.0,18,3.0,17.0,0.0,0,359.0,13,8.0,86.0,7.0,165.0,19,0,0.0,0,11.0,74.0,0,0.0,5,0,6.0,0,0.0,459.0,8.0,0,1933.0,21.0,1835.0,0.0,0.0,0.0,1484.0,0,0,0.0,64.0,0.0,0,412.0,0.0,9.0,0.0,9.0,0.0,14.0,33.0,20.0,126.0,24.0,41.0,1,91.0,0,2
0,0,0.0,115,6.0,0.0,0.0,65,309.0,16,5.0,28.0,47.0,7.0,19,0,0.0,0,69.0,1443.0,40,1.0,5,1,10.0,0,0.0,310.0,0.0,0,140.0,77.0,96.0,0.0,80.0,67.0,0.0,0,0,0.0,109.0,14.0,0,429.0,0.0,14.0,19.0,5.0,0.0,0.0,6.0,32.0,0.0,221.0,286.0,2,835.0,0,0
0,0,0.0,4,3.0,5.0,0.0,55,91.0,0,0.0,0.0,9.0,272.0,0,0,0.0,0,1.0,987.0,0,0.0,4,0,4.0,0,0.0,612.0,26.0,0,0.0,58.0,281.0,0.0,427.0,0.0,71.0,0,0,2.0,29.0,0.0,0,733.0,0.0,0.0,25.0,1.0,0.0,90.0,5.0,36.0,7.0,89.0,72.0,0,31.0,0,0
0,0,0.0,8,4.0,0.0,0.0,33,301.0,3,2.0,157.0,0.0,0.0,0,0,1.0,0,12.0,132.0,0,0.0,3,0,4.0,0,0.0,492.0,19.0,1,63.0,48.0,154.0,0.0,1661.0,26.0,509.0,0,0,0.0,97.0,5.0,0,594.0,0.0,38.0,44.0,2.0,0.0,19.0,198.0,54.0,0.0,0.0,86.0,0,0.0,0,0
0,0,0.0,29,0.0,9.0,3.0,46,400.0,18,9.0,396.0,13.0,18.0,0,2,0.0,0,0.0,1002.0,1,1.0,5,17,0.0,0,0.0,267.0,12.0,0,158.0,27.0,0.0,0.0,864.0,63.0,298.0,0,0,0.0,96.0,0.0,0,0.0,0.0,82.0,0.0,0.0,0.0,80.0,49.0,0.0,4.0,60.0,38.0,0,23.0,0,0
0,0,0.0,12,0.0,1.0,36.0,42,585.0,0,38.0,105.0,9.0,22.0,0,0,0.0,0,6.0,116.0,3,1.0,1,8,5.0,0,102.0,514.0,19.0,1,1538.0,12.0,278.0,0.0,0.0,0.0,279.0,0,0,11.0,133.0,1.0,0,1110.0,0.0,75.0,13.0,0.0,0.0,66.0,31.0,169.0,141.0,9.0,86.0,2,665.0,0,0
0,0,0.0,1,7.0,18.0,0.0,52,260.0,1,74.0,95.0,46.0,21.0,0,1,0.0,0,7.0,90.0,53,0.0,4,1,7.0,0,7.0,248.0,335.0,0,553.0,67.0,142.0,0.0,0.0,0.0,91.0,0,1,0.0,87.0,13.0,0,482.0,0.0,5.0,62.0,3.0,0.0,2484.0,214.0,0.0,0.0,136.0,23.0,0,107.0,0,3
0,0,0.0,43,0.0,3.0,10.0,35,410.0,2,0.0,36.0,46.0,21.0,0,1,5.0,0,30.0,64.0,0,0.0,4,0,0.0,0,0.0,243.0,0.0,1,174.0,44.0,485.0,0.0,84.0,0.0,0.0,0,1,6.0,65.0,30.0,0,0.0,0.0,1176.0,46.0,3.0,0.0,102.0,6.0,0.0,0.0,204.0,93.0,0,425.0,0,4
0,0,0.0,20,1.0,16.0,18.0,14,0.0,5,0.0,68.0,3.0,0.0,4,5,0.0,12,9.0,545.0,1315,0.0,1,7,10.0,0,7.0,78.0,0.0,0,27.0,7.0,253.0,0.0,13885.0,27.0,4335.0,4,0,0.0,63.0,0.0,0,0.0,0.0,561.0,0.0,0.0,0.0,46.0,69.0,23.0,0.0,161.0,94.0,0,157.0,0,0
0,0,0.0,48,1.0,1.0,0.0,0,427.0,20,59.0,52.0,46.0,180.0,0,0,0.0,0,8.0,1236.0,0,0.0,1,9,11.0,0,0.0,0.0,0.0,1,0.0,233.0,439.0,395.0,3715.0,0.0,450.0,0,0,1.0,78.0,0.0,0,988.0,0.0,100.0,44.0,2.0,0.0,159.0,2.0,107.0,0.0,244.0,15.0,1,33.0,0,0
0,0,0.0,34,4.0,5.0,0.0,51,581.0,0,54.0,41.0,26.0,23.0,0,0,1.0,0,17.0,504.0,0,0.0,0,7,1.0,0,0.0,555.0,26.0,2,494.0,47.0,323.0,0.0,0.0,0.0,0.0,3,0,49.0,39.0,0.0,0,340.0,0.0,0.0,9.0,4.0,0.0,113.0,6.0,263.0,13.0,142.0,87.0,0,161.0,0,0
0,0,0.0,0,2.0,3.0,0.0,24,207.0,5,4.0,0.0,0.0,0.0,0,0,5.0,0,0.0,1403.0,1763,2.0,9,8,20.0,0,0.0,153.0,105.0,1,0.0,75.0,199.0,0.0,0.0,0.0,402.0,0,0,5.0,67.0,14.0,0,3817.0,0.0,116.0,45.0,4.0,0.0,31.0,64.0,54.0,0.0,47.0,39.0,0,73.0,0,0
0,0,0.0,301,7.0,47.0,2.0,23,126.0,7,22.0,480.0,46.0,0.0,2,34,0.0,0,6.0,563.0,1625,0.0,4,0,0.0,0,5.0,2897.0,21.0,1,0.0,53.0,141.0,27.0,0.0,1090.0,2551.0,0,1,0.0,70.0,0.0,0,6276.0,0.0,94.0,16.0,4.0,0.0,89.0,30.0,252.0,51.0,140.0,45.0,0,268.0,0,0
0,0,0.0,10,25.0,8.0,95.0,52,567.0,0,0.0,93.0,0.0,7.0,3,2,21.0,0,7.0,37.0,40,0.0,4,6,3.0,0,0.0,69.0,2.0,0,0.0,39.0,153.0,521.0,912.0,20.0,311.0,0,0,6.0,48.0,5.0,0,0.0,0.0,27.0,113.0,2.0,0.0,88.0,5.0,0.0,0.0,82.0,4.0,0,123.0,0,0
0,0,0.0,282,3.0,0.0,0.0,1071,210.0,0,0.0,99.0,0.0,23.0,8,0,0.0,0,12.0,274.0,0,10.0,4,0,0.0,0,0.0,32.0,0.0,0,393.0,30.0,11.0,0.0,33451.0,2023.0,4298.0,0,0,4.0,42.0,0.0,0,1128.0,0.0,114.0,644.0,3.0,0.0,118.0,0.0,0.0,0.0,23.0,12.0,0,8.0,0,0
0,0,0.0,122,5.0,12.0,0.0,24,1608.0,0,53.0,10.0,18.0,141.0,12,2,0.0,0,49.0,4084.0,0,1.0,5,8,12.0,0,3.0,0.0,2.0,1,0.0,76.0,353.0,0.0,239.0,12.0,551.0,0,0,46.0,0.0,17.0,0,769.0,2.0,117.0,577.0,1.0,0.0,156.0,3.0,40.0,0.0,246.0,65.0,0,0.0,0,0
0,0,2.0,41,3.0,14.0,0.0,12,181.0,1,100.0,19.0,12.0,0.0,1,0,1.0,34,0.0,118.0,0,0.0,1,17,0.0,0,48.0,693.0,338.0,0,76.0,44.0,177.0,0.0,3592.0,0.0,4361.0,0,0,1.0,53.0,0.0,0,674.0,0.0,15.0,47.0,0.0,0.0,118.0,5.0,0.0,39.0,279.0,3.0,0,64.0,0,0
0,0,0.0,358,4.0,48.0,0.0,49,320.0,16,76.0,230.0,29.0,299.0,1,2,0.0,0,5.0,101.0,81,3.0,8,0,19.0,0,0.0,0.0,29.0,1,0.0,52.0,89.0,0.0,135.0,0.0,502.0,0,0,0.0,81.0,0.0,0,505.0,0.0,77.0,0.0,0.0,0.0,451.0,1.0,0.0,0.0,266.0,16.0,0,25.0,0,0
0,0,0.0,13,0.0,10.0,0.0,47,374.0,22,0.0,620.0,0.0,0.0,18,0,0.0,0,13.0,1205.0,0,2.0,4,7,0.0,0,3.0,446.0,22.0,0,0.0,57.0,0.0,0.0,260.0,0.0,415.0,0,0,30.0,1960.0,17.0,0,1091.0,0.0,79.0,45.0,0.0,0.0,54.0,93.0,104.0,0.0,2701.0,57.0,0,170.0,0,0
0,0,0.0,12,24.0,3.0,0.0,56,62.0,5,0.0,124.0,82.0,0.0,1,0,0.0,0,29.0,183.0,0,2.0,1,0,1.0,0,0.0,709.0,30.0,1,41.0,30.0,230.0,1696.0,8146.0,0.0,17.0,0,0,21.0,127.0,17.0,1,80.0,0.0,0.0,53.0,2.0,0.0,71.0,7.0,0.0,0.0,225.0,34.0,0,0.0,0,0
0,0,0.0,36,6.0,27.0,47.0,52,1740.0,5,23.0,26.0,75.0,7.0,0,0,0.0,0,7.0,357.0,4,18.0,5,0,10.0,0,0.0,377.0,17.0,2,275.0,45.0,0.0,0.0,329.0,54.0,244.0,0,0,0.0,1368.0,0.0,0,402.0,0.0,42.0,248.0,4.0,0.0,131.0,21.0,27.0,0.0,196.0,96.0,0,149.0,0,0
0,0,0.0,0,13.0,29.0,0.0,40,425.0,0,39.0,61.0,0.0,0.0,2,0,0.0,0,15.0,935.0,12,1.0,4,7,0.0,0,0.0,1799.0,20.0,1,2822.0,59.0,0.0,1205.0,0.0,84.0,5192.0,0,2,0.0,2257.0,13.0,0,1076.0,51.0,111.0,36.0,0.0,0.0,138.0,4.0,92.0,0.0,166.0,0.0,0,85.0,0,0
0,0,0.0,18,3.0,0.0,6.0,37,0.0,1,19.0,314.0,28.0,0.0,0,1,0.0,0,5.0,427.0,48,0.0,4,0,9.0,0,0.0,0.0,455.0,1,0.0,51.0,16.0,0.0,0.0,33.0,392.0,0,1,0.0,120.0,11.0,0,0.0,0.0,40.0,46.0,0.0,0.0,156.0,26.0,0.0,0.0,297.0,27.0,1,119.0,0,0
0,0,0.0,23,6.0,0.0,0.0,0,181.0,24,4.0,74.0,19.0,4.0,1,9,0.0,0,54.0,151.0,0,2.0,1,0,1.0,0,0.0,591.0,22.0,2,60.0,5.0,222.0,1341.0,0.0,0.0,348.0,1,1,8.0,102.0,19.0,0,87.0,25.0,123.0,4.0,3.0,0.0,53.0,3.0,0.0,0.0,249.0,20.0,10,75.0,0,0
0,0,0.0,21,0.0,39.0,0.0,11,355.0,20,4.0,86.0,22.0,0.0,18,1,0.0,0,9.0,494.0,523,0.0,1,34,0.0,0,0.0,319.0,14.0,0,0.0,56.0,49.0,0.0,1370.0,11.0,399.0,2,2,9.0,77.0,3.0,0,516.0,22.0,78.0,0.0,0.0,0.0,154.0,24.0,0.0,5.0,947.0,21.0,0,405.0,0,0
0,0,0.0,21,5.0,26.0,0.0,33,484.0,1,0.0,83.0,0.0,14.0,0,0,0.0,0,6.0,935.0,0,0.0,4,8,0.0,0,4.0,254.0,24.0,0,440.0,38.0,0.0,187.0,5354.0,0.0,520.0,0,0,47.0,86.0,0.0,0,2185.0,21.0,101.0,27.0,0.0,0.0,145.0,6.0,0.0,127.0,73.0,40.0,4,131.0,0,0
0,0,0.0,23,30.0,8.0,0.0,63,233.0,5,2.0,21.0,5.0,6.0,2,0,0.0,0,11.0,159.0,0,0.0,2,7,0.0,0,0.0,201.0,9.0,2,2650.0,39.0,205.0,0.0,0.0,0.0,1717.0,4,3,1.0,74.0,0.0,0,1077.0,0.0,94.0,35.0,3.0,2.0,56.0,3.0,171.0,0.0,236.0,19.0,0,72.0,0,0
0,0,0.0,364,1.0,6.0,0.0,52,417.0,1,0.0,29.0,44.0,8.0,1,0,0.0,5,9.0,529.0,0,0.0,4,8,0.0,0,0.0,31.0,9.0,0,0.0,44.0,241.0,110.0,154.0,0.0,301.0,0,0,3.0,30.0,12.0,0,70.0,30.0,0.0,11.0,0.0,0.0,97.0,6.0,0.0,9.0,2949.0,39.0,0,850.0,0,0
0,0,0.0,14,3.0,8.0,0.0,59,482.0,10,3.0,21.0,15.0,93.0,1,1,0.0,0,24.0,1377.0,0,1.0,1,8,0.0,0,0.0,505.0,23.0,0,0.0,67.0,79.0,32.0,0.0,0.0,403.0,0,1,8.0,122.0,0.0,0,122.0,6.0,47.0,39.0,4.0,0.0,28.0,68.0,157.0,1.0,268.0,27.0,0,79.0,0,0
0,0,0.0,2,28.0,0.0,63.0,5,347.0,1,0.0,82.0,37.0,14.0,0,1,0.0,26,17.0,86.0,102,0.0,5,7,1.0,0,10.0,17.0,0.0,0,0.0,0.0,0.0,0.0,0.0,0.0,640.0,0,0,0.0,398.0,2.0,0,5298.0,0.0,86.0,30.0,0.0,0.0,42.0,3.0,0.0,0.0,262.0,12.0,3,0.0,0,0
0,0,0.0,38,4.0,4.0,0.0,41,612.0,1,19.0,27.0,49.0,0.0,20,0,0.0,0,31.0,173.0,7,1.0,5,7,0.0,0,0.0,136.0,20.0,1,0.0,9.0,276.0,0.0,0.0,0.0,2388.0,0,0,0.0,0.0,8.0,0,561.0,0.0,73.0,46.0,0.0,0.0,145.0,2.0,0.0,0.0,67.0,10.0,1,54.0,0,0
0,0,0.0,20,6.0,15.0,0.0,1,426.0,1,0.0,49.0,22.0,0.0,20,2,0.0,33,3.0,0.0,0,1.0,5,9,0.0,0,82.0,537.0,13.0,0,0.0,20.0,194.0,0.0,609.0,0.0,224.0,0,1,0.0,56.0,0.0,0,674.0,10.0,33.0,24.0,3.0,0.0,102.0,29.0,0.0,0.0,51.0,31.0,0,3.0,0,0
0,0,0.0,11,3.0,38.0,122.0,197,83.0,7,0.0,0.0,17.0,4.0,1,0,0.0,12,15.0,472.0,0,0.0,1,8,16.0,0,0.0,103.0,7.0,0,87.0,11.0,555.0,0.0,0.0,27.0,335.0,0,0,3.0,53.0,12.0,0,839.0,0.0,145.0,45.0,0.0,0.0,77.0,131.0,4767.0,0.0,223.0,53.0,0,1.0,0,0
0,0,0.0,26,3.0,43.0,2.0,51,594.0,12,0.0,71.0,31.0,217.0,16,0,0.0,0,53.0,108.0,65,3.0,4,0,2.0,0,0.0,525.0,19.0,0,3116.0,0.0,107.0,505.0,13440.0,0.0,0.0,0,0,6.0,1179.0,7.0,0,501.0,0.0,0.0,25.0,3.0,1.0,0.0,2.0,98.0,0.0,203.0,18.0,0,0.0,0,0
0,0,0.0,46,23.0,8.0,6.0,1052,540.0,0,27.0,51.0,57.0,14.0,14,0,0.0,0,14.0,512.0,0,0.0,5,0,6.0,0,1.0,106.0,2.0,2,106.0,42.0,26.0,0.0,9369.0,0.0,287.0,3,0,0.0,954.0,30.0,0,5035.0,0.0,0.0,45.0,0.0,0.0,0.0,3.0,0.0,0.0,243.0,19.0,0,34.0,0,0
0,0,1.0,18,3.0,8.0,0.0,41,529.0,1,0.0,601.0,0.0,0.0,0,0,0.0,0,6.0,428.0,1842,11.0,0,7,0.0,0,0.0,321.0,24.0,0,329.0,74.0,205.0,1950.0,34813.0,71.0,253.0,0,0,7.0,91.0,13.0,0,2949.0,18.0,30.0,116.0,3.0,0.0,133.0,4.0,0.0,4.0,182.0,69.0,0,83.0,0,0
0,0,0.0,23,10.0,0.0,0.0,44,438.0,1,0.0,36.0,0.0,0.0,0,1,0.0,0,2.0,261.0,0,0.0,1,0,0.0,0,0.0,46.0,8.0,0,0.0,126.0,0.0,0.0,0.0,0.0,0.0,0,4,2.0,55.0,0.0,0,389.0,0.0,21.0,17.0,4.0,0.0,100.0,16.0,0.0,21.0,126.0,83.0,0,139.0,0,0
0,0,0.0,36,2.0,3.0,0.0,48,563.0,0,0.0,5.0,61.0,18.0,0,0,0.0,1028,224.0,207.0,23,0.0,5,8,1.0,0,0.0,199.0,27.0,1,0.0,54.0,212.0,213.0,2463.0,0.0,466.0,0,0,6.0,73.0,11.0,0,351.0,0.0,0.0,28.0,1.0,0.0,137.0,6.0,200.0,0.0,167.0,49.0,0,2742.0,0,0
0,0,0.0,41,0.0,2.0,60.0,19,583.0,1,17.0,175.0,59.0,4.0,1,1,0.0,0,0.0,207.0,274,1.0,2,8,0.0,0,0.0,433.0,34.0,1,8.0,9.0,326.0,0.0,9114.0,0.0,154.0,0,0,0.0,52.0,36.0,0,669.0,0.0,95.0,23.0,3.0,0.0,107.0,3.0,0.0,0.0,0.0,0.0,0,0.0,0,0
0,0,0.0,38,5.0,22.0,15.0,163,131.0,1,0.0,43.0,4.0,0.0,2,0,0.0,0,21.0,64.0,59,0.0,4,8,0.0,0,2.0,117.0,15.0,0,235.0,47.0,46.0,301.0,0.0,52.0,3354.0,0,0,0.0,112.0,4.0,0,1235.0,17.0,67.0,31.0,2.0,0.0,170.0,119.0,0.0,0.0,260.0,104.0,0,0.0,0,0
0,0,0.0,46,2.0,0.0,0.0,1020,243.0,10,1.0,0.0,0.0,0.0,1,0,0.0,0,20.0,368.0,0,2.0,8,9,0.0,0,0.0,241.0,2.0,1,1514.0,61.0,354.0,0.0,0.0,0.0,172.0,0,0,1.0,74.0,0.0,0,853.0,0.0,0.0,53.0,5.0,0.0,28.0,34.0,0.0,0.0,167.0,13.0,0,155.0,0,0
0,0,2.0,0,0.0,10.0,0.0,48,634.0,1,0.0,96.0,0.0,12.0,1,0,0.0,0,12.0,948.0,0,0.0,4,1,1.0,0,12.0,3.0,30.0,0,0.0,33.0,151.0,81.0,12925.0,204.0,2236.0,0,0,9.0,27.0,0.0,0,2048.0,0.0,0.0,0.0,0.0,0.0,181.0,5.0,0.0,4.0,208.0,22.0,0,182.0,0,0
0,0,0.0,36,1.0,0.0,23.0,4,354.0,6,0.0,69.0,10.0,155.0,0,0,0.0,1,49.0,467.0,0,4.0,5,0,0.0,0,7.0,728.0,5.0,0,475.0,47.0,312.0,235.0,6293.0,1488.0,312.0,0,0,0.0,9.0,11.0,0,0.0,1.0,67.0,110.0,4.0,0.0,92.0,5.0,145.0,0.0,72.0,81.0,0,134.0,0,0
0,0,1.0,24,3.0,30.0,1123.0,56,0.0,1,1.0,485.0,3.0,19.0,19,1,1.0,0,15.0,525.0,1369,0.0,4,7,13.0,0,0.0,720.0,0.0,14,424.0,75.0,362.0,0.0,1448.0,1211.0,288.0,0,0,0.0,1839.0,0.0,0,586.0,0.0,22.0,27.0,0.0,0.0,500.0,59.0,68.0,0.0,168.0,87.0,0,115.0,0,0
0,0,0.0,20,5.0,0.0,0.0,12,0.0,4,122.0,104.0,59.0,23.0,0,6,0.0,17,117.0,430.0,11,0.0,1,7,1.0,0,0.0,0.0,0.0,1,120.0,25.0,73.0,0.0,0.0,0.0,1535.0,0,1,0.0,49.0,18.0,0,5676.0,0.0,86.0,16.0,4.0,0.0,139.0,0.0,258.0,49.0,216.0,35.0,3,148.0,0,0
0,0,0.0,83,0.0,28.0,0.0,35,53.0,0,53.0,118.0,31.0,0.0,0,0,0.0,0,14.0,213.0,0,1.0,5,6,10.0,0,3.0,516.0,22.0,0,0.0,26.0,294.0,104.0,0.0,0.0,492.0,0,0,1.0,728.0,0.0,0,0.0,0.0,73.0,27.0,0.0,0.0,0.0,6.0,1400.0,0.0,640.0,35.0,0,99.0,0,0
0,0,0.0,13,1.0,5.0,0.0,53,188.0,1,0.0,232.0,19.0,0.0,0,0,0.0,0,0.0,200.0,10,0.0,3,0,0.0,0,0.0,561.0,12.0,1,200.0,8.0,62.0,101.0,0.0,0.0,0.0,0,0,0.0,2465.0,0.0,0,0.0,49.0,0.0,50.0,1.0,0.0,57.0,20.0,0.0,0.0,263.0,34.0,0,119.0,0,0
0,0,0.0,36,3.0,11.0,0.0,51,626.0,7,13.0,18.0,0.0,7.0,7,0,1.0,0,289.0,1131.0,0,1.0,4,8,1.0,0,0.0,488.0,29.0,1,375.0,49.0,142.0,0.0,0.0,0.0,177.0,0,0,0.0,0.0,18.0,0,1003.0,6.0,139.0,51.0,1.0,0.0,132.0,4.0,0.0,0.0,160.0,56.0,0,151.0,0,0
0,0,0.0,33,6.0,10.0,32.0,46,306.0,14,24.0,17.0,0.0,0.0,0,0,1.0,20,51.0,255.0,5,0.0,0,19,0.0,0,0.0,650.0,29.0,0,308.0,50.0,0.0,0.0,1458.0,89.0,549.0,0,0,3.0,82.0,19.0,0,212.0,0.0,604.0,13.0,0.0,0.0,0.0,0.0,19.0,0.0,238.0,75.0,0,16.0,0,0
0,0,0.0,25,0.0,10.0,0.0,30,216.0,0,0.0,122.0,18.0,0.0,0,1,0.0,0,12.0,94.0,0,0.0,4,7,18.0,0,0.0,215.0,0.0,0,170.0,17.0,481.0,0.0,447.0,0.0,163.0,0,1,8.0,70.0,2.0,0,1206.0,0.0,0.0,0.0,3.0,0.0,0.0,6.0,77.0,0.0,202.0,38.0,0,150.0,0,0
0,0,0.0,0,27.0,9.0,68.0,28,672.0,0,9.0,118.0,47.0,7.0,0,0,0.0,0,34.0,4.0,103,0.0,1,7,0.0,0,0.0,283.0,26.0,1,38.0,60.0,130.0,0.0,641.0,0.0,317.0,0,0,4.0,75.0,15.0,0,0.0,0.0,0.0,0.0,2.0,0.0,157.0,76.0,0.0,0.0,353.0,13.0,0,28.0,0,0
0,0,0.0,40,2.0,11.0,0.0,18,566.0,8,48.0,108.0,49.0,0.0,15,1,0.0,0,6.0,802.0,0,1.0,1,0,0.0,0,0.0,18.0,16.0,0,160.0,0.0,35.0,65.0,0.0,0.0,87.0,0,0,5.0,12.0,20.0,0,802.0,7.0,103.0,51.0,0.0,1.0,119.0,1.0,77.0,118.0,267.0,13.0,0,58.0,0,0
0,0,0.0,39,5.0,6.0,0.0,55,377.0,1,0.0,5.0,20.0,0.0,0,3,0.0,0,40.0,0.0,6,0.0,4,0,0.0,0,0.0,528.0,9.0,0,0.0,58.0,81.0,0.0,0.0,0.0,181.0,0,0,81.0,41.0,0.0,0,814.0,0.0,111.0,17.0,0.0,0.0,0.0,198.0,270.0,0.0,325.0,0.0,0,69.0,0,0
0,0,0.0,28,7.0,39.0,0.0,42,89.0,0,3.0,43.0,0.0,24.0,0,3,7.0,6,10.0,983.0,72,1.0,0,0,2.0,0,0.0,0.0,7.0,1,0.0,40.0,290.0,6.0,0.0,0.0,322.0,0,1,10.0,82.0,0.0,0,3595.0,7.0,152.0,0.0,3.0,0.0,0.0,4.0,243.0,0.0,259.0,43.0,0,57.0,0,0
0,0,2.0,0,8.0,29.0,55.0,2682,663.0,20,0.0,68.0,39.0,2.0,3,0,0.0,0,13.0,1438.0,0,0.0,5,0,3.0,0,0.0,261.0,10.0,0,0.0,76.0,193.0,0.0,9226.0,0.0,259.0,0,0,1.0,0.0,12.0,2,0.0,0.0,0.0,44.0,2.0,0.0,77.0,32.0,0.0,0.0,0.0,16.0,0,94.0,0,0
0,0,0.0,33,4.0,8.0,0.0,53,72.0,21,33.0,92.0,64.0,463.0,1,1,0.0,0,12.0,761.0,0,1.0,1,7,0.0,0,3.0,587.0,17.0,0,0.0,156.0,74.0,0.0,9156.0,0.0,693.0,1,0,0.0,106.0,0.0,0,820.0,0.0,0.0,23.0,4.0,0.0,110.0,6.0,0.0,0.0,28.0,26.0,6,0.0,0,0
0,0,0.0,35,29.0,0.0,0.0,23,602.0,1,0.0,73.0,44.0,0.0,7,0,0.0,95,33.0,110.0,63,0.0,1,9,14.0,0,1.0,577.0,4.0,2,0.0,30.0,94.0,0.0,0.0,0.0,236.0,2,0,19.0,49.0,0.0,0,252.0,0.0,0.0,13.0,2.0,0.0,107.0,102.0,0.0,0.0,206.0,71.0,0,97.0,0,0
0,0,0.0,30,4.0,0.0,0.0,18,503.0,1,0.0,152.0,46.0,25.0,10,0,0.0,0,8.0,123.0,1091,0.0,1,0,0.0,0,0.0,203.0,0.0,0,245.0,62.0,437.0,0.0,0.0,0.0,590.0,3,0,7.0,89.0,1.0,0,1081.0,0.0,99.0,5.0,5.0,0.0,0.0,3.0,332.0,0.0,160.0,35.0,0,1863.0,0,0
0,0,0.0,280,3.0,6.0,0.0,45,146.0,1,6.0,20.0,33.0,0.0,19,0,0.0,0,83.0,130.0,0,0.0,24,9,7.0,0,0.0,446.0,17.0,0,0.0,71.0,23.0,0.0,605.0,0.0,460.0,0,1,0.0,0.0,25.0,0,550.0,15.0,71.0,51.0,0.0,0.0,52.0,3.0,0.0,1.0,169.0,42.0,0,119.0,0,0
0,0,0.0,35,2.0,6.0,0.0,19,344.0,0,89.0,511.0,35.0,0.0,0,0,0.0,0,4.0,201.0,64,0.0,3,8,1.0,0,3.0,502.0,1.0,0,301.0,24.0,389.0,0.0,0.0,0.0,528.0,0,0,0.0,0.0,28.0,0,1235.0,0.0,18.0,31.0,0.0,0.0,26.0,4.0,0.0,12.0,217.0,117.0,0,16.0,0,0
0,0,0.0,39,3.0,5.0,40.0,15,539.0,0,12.0,41.0,17.0,288.0,0,2,22.0,26,327.0,41.0,0,0.0,9,7,16.0,0,0.0,174.0,10.0,0,0.0,4.0,160.0,0.0,3359.0,0.0,691.0,0,0,7.0,97.0,7.0,0,992.0,0.0,82.0,0.0,1.0,0.0,134.0,31.0,18.0,0.0,290.0,42.0,0,144.0,0,0
0,0,0.0,357,6.0,33.0,0.0,45,353.0,0,8.0,375.0,38.0,23.0,0,0,1.0,0,14.0,717.0,0,1.0,8,9,1.0,0,0.0,1484.0,453.0,1,171.0,0.0,0.0,0.0,532.0,0.0,19.0,0,0,3.0,2502.0,36.0,0,896.0,0.0,0.0,3.0,0.0,0.0,2751.0,7.0,0.0,0.0,0.0,553.0,0,67.0,0,0
0,0,0.0,344,4.0,9.0,0.0,44,470.0,16,40.0,27.0,0.0,19.0,20,0,0.0,0,1.0,533.0,0,1.0,5,0,0.0,0,11.0,87.0,3.0,0,0.0,47.0,48.0,59.0,0.0,0.0,0.0,0,0,1.0,107.0,7.0,0,4412.0,0.0,64.0,22.0,5.0,0.0,0.0,24.0,137.0,0.0,291.0,26.0,0,110.0,0,0
0,0,0.0,37,0.0,3.0,0.0,52,0.0,6,43.0,35.0,66.0,0.0,12,0,0.0,0,27.0,174.0,0,1.0,4,2,1.0,0,0.0,1437.0,14.0,0,3290.0,15.0,626.0,171.0,1705.0,0.0,353.0,0,0,2.0,79.0,40.0,0,984.0,3.0,1481.0,0.0,4.0,0.0,114.0,5.0,0.0,14.0,19.0,16.0,1,467.0,0,0
0,0,0.0,22,100.0,9.0,77.0,59,354.0,3,52.0,56.0,0.0,18.0,15,2,0.0,0,0.0,174.0,0,1.0,5,0,0.0,0,2.0,0.0,3.0,1,0.0,46.0,106.0,0.0,0.0,1630.0,391.0,0,0,4.0,44.0,0.0,0,0.0,0.0,1452.0,42.0,3.0,0.0,90.0,5.0,0.0,0.0,43.0,80.0,8,820.0,0,0
0,0,0.0,401,33.0,0.0,6.0,32,118.0,7,43.0,839.0,32.0,0.0,0,2,1.0,0,196.0,193.0,0,4.0,4,1,0.0,2,0.0,536.0,6.0,1,265.0,252.0,358.0,0.0,297.0,0.0,481.0,0,3,8.0,64.0,0.0,0,934.0,0.0,13.0,0.0,0.0,0.0,75.0,30.0,32.0,0.0,257.0,90.0,0,148.0,0,0
0,0,0.0,9,3.0,6.0,0.0,41,0.0,1,0.0,89.0,0.0,9.0,1,0,3.0,8,0.0,19.0,0,1.0,1,34,0.0,0,0.0,499.0,142.0,0,0.0,193.0,106.0,0.0,1648.0,11.0,295.0,0,0,0.0,0.0,12.0,0,528.0,0.0,74.0,14.0,0.0,0.0,9.0,4.0,9.0,0.0,81.0,50.0,0,66.0,0,0
0,0,0.0,3,2.0,20.0,0.0,50,645.0,0,0.0,126.0,26.0,0.0,1,0,0.0,0,43.0,166.0,33,0.0,22,6,15.0,0,0.0,134.0,0.0,0,0.0,74.0,0.0,0.0,903.0,0.0,458.0,0,0,3.0,102.0,0.0,0,1431.0,0.0,109.0,4.0,3.0,0.0,3.0,6.0,0.0,0.0,182.0,67.0,0,0.0,0,0
0,0,0.0,382,4.0,6.0,97.0,12,505.0,1,6.0,71.0,44.0,0.0,3,0,7.0,43,0.0,2923.0,0,1.0,2,0,0.0,0,2.0,0.0,17.0,0,1528.0,56.0,243.0,0.0,0.0,0.0,333.0,0,0,0.0,1722.0,0.0,0,0.0,0.0,3.0,14.0,3.0,0.0,566.0,5.0,175.0,0.0,130.0,2.0,0,73.0,0,0
0,0,0.0,22,5.0,21.0,0.0,14,0.0,13,45.0,60.0,66.0,0.0,12,1,0.0,0,13.0,590.0,33,1.0,4,0,18.0,0,0.0,0.0,819.0,2,0.0,19.0,609.0,0.0,6491.0,0.0,442.0,0,0,0.0,42.0,19.0,0,1057.0,0.0,10.0,46.0,0.0,0.0,0.0,99.0,110.0,96.0,211.0,104.0,0,18.0,0,0
0,0,0.0,27,4.0,29.0,0.0,48,602.0,0,44.0,84.0,0.0,12.0,0,2,2.0,0,13.0,134.0,0,0.0,5,7,0.0,0,0.0,367.0,19.0,0,242.0,55.0,23.0,81.0,0.0,0.0,60.0,0,0,0.0,0.0,17.0,1,1245.0,0.0,22.0,32.0,9.0,0.0,2119.0,5.0,0.0,4.0,146.0,72.0,0,124.0,0,0
0,0,3.0,23,4.0,8.0,0.0,60,85.0,4,2.0,268.0,0.0,64.0,20,0,0.0,0,33.0,1066.0,0,0.0,5,7,0.0,0,0.0,526.0,128.0,1,345.0,81.0,634.0,691.0,1647.0,0.0,0.0,0,0,4.0,2591.0,6.0,0,0.0,0.0,0.0,14.0,4.0,0.0,28.0,31.0,2355.0,0.0,2111.0,5.0,2,0.0,0,0
0,0,0.0,5,13.0,4.0,0.0,31,2342.0,1,0.0,178.0,0.0,2.0,0,2,0.0,0,8.0,1094.0,49,17.0,5,1,5.0,0,0.0,596.0,108.0,0,119.0,61.0,148.0,1007.0,1.0,0.0,24.0,0,0,24.0,8.0,8.0,0,150.0,0.0,2663.0,31.0,3.0,0.0,518.0,2.0,85.0,0.0,106.0,455.0,0,112.0,0,0
0,0,0.0,385,1.0,0.0,0.0,51,73.0,7,6.0,558.0,37.0,0.0,0,0,2.0,0,1.0,68.0,2474,12.0,20,14,0.0,0,0.0,0.0,3.0,0,22.0,69.0,528.0,33.0,1451.0,0.0,229.0,0,1,0.0,31.0,37.0,0,4824.0,9.0,119.0,34.0,0.0,0.0,84.0,25.0,104.0,0.0,0.0,33.0,0,0.0,0,0
1,0,0.0,1,0.0,10.0,63.0,3,0.0,0,0.0,25.0,5009.0,0.0,0,2,0.0,0,9.0,62.0,1,0.0,5,31,0.0,0,0.0,0.0,159.0,0,41.0,10.0,0.0,77.0,85.0,0.0,836.0,0,0,0.0,18.0,41.0,0,105.0,52.0,0.0,67.0,0.0,1.0,0.0,37.0,0.0,0.0,226.0,0.0,5,0.0,0,0
1,0,0.0,2,0.0,2.0,485.0,0,0.0,1,0.0,0.0,133.0,0.0,2,6,0.0,1,7.0,340.0,11,0.0,0,11,0.0,0,144.0,3528.0,103.0,0,181.0,1.0,157.0,129.0,0.0,0.0,774.0,0,0,1.0,66.0,44.0,0,377.0,154.0,0.0,91.0,0.0,0.0,37.0,8.0,0.0,0.0,0.0,0.0,7,0.0,0,0
1,0,0.0,0,0.0,0.0,197.0,0,0.0,0,2.0,1160.0,215.0,0.0,0,0,0.0,0,4.0,95.0,0,2.0,5,1,0.0,0,0.0,0.0,28.0,0,827.0,0.0,0.0,234.0,278.0,0.0,0.0,0,0,1.0,59.0,101.0,0,156.0,226.0,24.0,1273.0,0.0,0.0,28.0,857.0,0.0,0.0,0.0,0.0,6,106.0,0,0
1,0,0.0,0,0.0,12.0,168.0,0,278.0,0,0.0,0.0,149.0,303.0,0,0,0.0,0,3.0,124.0,28,2.0,5,0,0.0,0,0.0,86.0,123.0,1,95.0,3.0,8.0,249.0,0.0,37.0,0.0,0,0,0.0,47.0,67.0,0,342.0,48.0,0.0,0.0,0.0,1.0,0.0,11.0,0.0,0.0,0.0,0.0,7,0.0,0,0
1,0,0.0,32,0.0,11.0,165.0,0,0.0,0,1.0,0.0,133.0,0.0,0,0,0.0,0,0.0,0.0,0,0.0,0,12,0.0,0,0.0,46.0,68.0,0,166.0,0.0,0.0,55.0,366.0,0.0,839.0,0,0,0.0,25.0,127.0,0,7538.0,262.0,0.0,1457.0,0.0,0.0,0.0,0.0,0.0,0.0,54.0,0.0,1,0.0,0,0
1,1,0.0,0,0.0,7.0,0.0,14,128.0,0,0.0,0.0,252.0,0.0,0,0,0.0,1,9.0,102.0,3,1.0,0,2,0.0,0,0.0,0.0,136.0,57,0.0,0.0,232.0,0.0,0.0,43.0,0.0,0,0,0.0,60.0,5846.0,0,51.0,188.0,0.0,251.0,0.0,1.0,0.0,13.0,0.0,0.0,0.0,1.0,1,2051.0,0,0
1,0,0.0,0,0.0,2.0,494.0,0,0.0,0,2.0,0.0,44.0,139.0,0,0,0.0,0,2.0,115.0,9,0.0,0,2,0.0,0,1538.0,3465.0,2989.0,51,74.0,0.0,0.0,261.0,279.0,40.0,0.0,0,0,0.0,43.0,0.0,0,0.0,241.0,0.0,752.0,0.0,0.0,2357.0,5.0,87.0,541.0,0.0,122.0,7,0.0,0,0
1,0,1.0,0,17.0,0.0,323.0,0,324.0,0,9.0,158.0,31.0,0.0,0,1,0.0,0,2.0,0.0,13,50.0,0,0,1.0,0,0.0,0.0,0.0,2,151.0,0.0,614.0,250.0,152.0,17.0,0.0,0,0,0.0,51.0,25.0,0,0.0,0.0,11.0,1415.0,0.0,1.0,0.0,23.0,0.0,33.0,0.0,0.0,248,0.0,0,0
1,1,0.0,0,0.0,323.0,5.0,18,0.0,0,0.0,0.0,0.0,0.0,0,1,0.0,0,5.0,0.0,1,5.0,0,2,0.0,0,7.0,464.0,578.0,0,65.0,0.0,671.0,154.0,551.0,0.0,0.0,0,0,2.0,5.0,78.0,0,0.0,136.0,16.0,314.0,0.0,0.0,0.0,0.0,0.0,0.0,0.0,1475.0,8,0.0,0,0
1,0,0.0,0,0.0,6.0,157.0,0,0.0,1,3.0,0.0,5071.0,86.0,0,0,0.0,0,10.0,641.0,9,1.0,14,0,0.0,0,0.0,0.0,6.0,0,177.0,0.0,13329.0,224.0,0.0,3.0,0.0,0,0,0.0,0.0,67.0,0,306.0,22.0,42.0,173.0,0.0,0.0,0.0,20.0,185.0,201.0,0.0,0.0,9,42.0,0,0
1,0,0.0,1,0.0,12.0,0.0,44,0.0,0,0.0,0.0,89.0,0.0,0,0,0.0,0,5.0,213.0,0,1.0,0,1,0.0,0,0.0,25.0,100.0,1,100.0,3.0,7456.0,28.0,314.0,0.0,0.0,0,0,0.0,2858.0,11.0,0,0.0,134.0,0.0,346.0,0.0,0.0,0.0,2.0,0.0,20.0,0.0,0.0,8,1631.0,0,0
1,0,2.0,1,0.0,9.0,213.0,20,0.0,2,0.0,787.0,99.0,0.0,0,0,0.0,0,1.0,110.0,10,0.0,4,1,0.0,0,0.0,0.0,134.0,0,739.0,0.0,3554.0,153.0,737.0,737.0,0.0,0,0,1.0,61.0,0.0,0,0.0,305.0,0.0,305.0,0.0,0.0,11.0,0.0,0.0,27.0,77.0,61.0,8,0.0,0,0
1,0,0.0,0,0.0,0.0,34.0,0,0.0,0,15.0,0.0,91.0,33.0,0,0,0.0,0,1.0,118.0,0,1.0,0,0,0.0,0,166.0,70.0,976.0,92,0.0,0.0,498.0,224.0,0.0,11.0,0.0,0,0,0.0,33.0,55.0,0,78.0,297.0,15.0,582.0,0.0,1.0,645.0,625.0,0.0,83.0,0.0,2685.0,5,0.0,0,0
1,0,0.0,0,0.0,182.0,199.0,0,62.0,0,0.0,0.0,0.0,0.0,0,0,0.0,0,7.0,99.0,0,2.0,3,1,0.0,0,23.0,4938.0,140.0,2,256.0,0.0,0.0,0.0,590.0,0.0,0.0,0,0,0.0,31.0,0.0,0,0.0,89.0,0.0,178.0,0.0,0.0,0.0,10.0,0.0,38.0,0.0,0.0,3,115.0,0,0
1,0,0.0,2,0.0,11.0,111.0,0,0.0,1,0.0,0.0,2285.0,0.0,0,0,0.0,0,1.0,110.0,5,0.0,5,0,0.0,0,98.0,0.0,46.0,0,78.0,0.0,290.0,42.0,361.0,0.0,792.0,0,0,0.0,14.0,47.0,0,0.0,149.0,10.0,208.0,0.0,3.0,13.0,5.0,0.0,14.0,0.0,1023.0,2,0.0,0,0
1,0,0.0,7,18.0,0.0,23.0,0,0.0,0,9.0,0.0,103.0,0.0,0,0,0.0,0,6.0,143.0,7,39.0,2,9,0.0,0,85.0,787.0,131.0,0,210.0,0.0,457.0,239.0,0.0,49.0,0.0,0,0,0.0,44.0,3.0,0,189.0,0.0,0.0,65.0,0.0,0.0,0.0,6.0,0.0,96.0,0.0,150.0,28,0.0,0,0
1,0,0.0,0,15.0,12.0,518.0,0,294.0,2,0.0,0.0,122.0,0.0,0,0,0.0,0,8.0,30.0,0,0.0,6,1,0.0,0,0.0,0.0,53.0,0,216.0,21.0,386.0,99.0,0.0,58.0,0.0,0,0,2.0,9.0,110.0,0,0.0,0.0,10.0,0.0,0.0,0.0,30.0,0.0,0.0,0.0,0.0,0.0,3,0.0,0,0
1,0,0.0,6,14.0,10.0,0.0,0,0.0,0,1.0,0.0,197.0,0.0,0,0,0.0,2,3.0,38.0,5,1.0,3,0,0.0,0,35.0,0.0,0.0,0,5298.0,2.0,2039.0,157.0,0.0,0.0,560.0,0,0,0.0,18.0,174.0,0,393.0,84.0,0.0,162.0,0.0,1.0,39.0,4.0,0.0,63.0,0.0,18.0,7,0.0,0,0
1,0,0.0,0,0.0,0.0,344.0,0,0.0,0,0.0,0.0,129.0,0.0,0,0,0.0,0,7.0,34.0,0,1.0,0,0,0.0,0,24.0,3165.0,10.0,1,181.0,2.0,0.0,24.0,680.0,73.0,0.0,0,0,3.0,7.0,0.0,0,391.0,103.0,0.0,1287.0,0.0,0.0,0.0,272.0,0.0,0.0,28.0,0.0,328,0.0,0,0
1,0,0.0,6,0.0,1.0,44.0,0,21.0,0,2.0,0.0,0.0,0.0,0,0,0.0,0,7.0,737.0,0,0.0,3,2,0.0,0,0.0,0.0,99.0,2,174.0,3.0,137.0,107.0,0.0,113.0,525.0,0,0,0.0,55.0,0.0,0,269.0,247.0,14.0,266.0,0.0,0.0,33.0,505.0,0.0,81.0,149.0,0.0,8,1564.0,0,0
1,1,0.0,1,0.0,149.0,0.0,0,135.0,0,0.0,0.0,88.0,0.0,0,0,0.0,0,6.0,75.0,2,0.0,0,21,0.0,0,172.0,275.0,121.0,0,164.0,0.0,1895.0,897.0,0.0,62.0,0.0,0,0,0.0,80.0,0.0,0,198.0,0.0,7.0,144.0,0.0,0.0,31.0,0.0,0.0,0.0,0.0,0.0,6,0.0,0,0
1,0,0.0,0,0.0,9.0,39.0,0,0.0,0,1.0,15.0,136.0,114.0,0,0,0.0,0,4.0,728.0,15,0.0,4,2,0.0,0,0.0,237.0,112.0,0,69.0,0.0,251.0,2474.0,345.0,51.0,346.0,0,0,0.0,32.0,18.0,0,0.0,0.0,0.0,175.0,0.0,0.0,0.0,12.0,68.0,7.0,0.0,0.0,6,81.0,0,0
1,0,0.0,2,0.0,5.0,652.0,0,241.0,0,0.0,0.0,41.0,0.0,0,0,0.0,0,6.0,19.0,0,0.0,1,1,0.0,0,0.0,319.0,47.0,0,0.0,2.0,513.0,197.0,60.0,5.0,0.0,0,0,1.0,0.0,64.0,0,347.0,201.0,0.0,586.0,0.0,0.0,0.0,0.0,0.0,115.0,100.0,0.0,8,276.0,0,0
1,1,2.0,1,0.0,4.0,422.0,0,15.0,0,0.0,9.0,220.0,0.0,0,0,0.0,0,2.0,165.0,0,0.0,6,1,0.0,5,1798.0,0.0,3787.0,3,240.0,0.0,52.0,93.0,391.0,60.0,0.0,0,0,0.0,18.0,0.0,0,284.0,185.0,0.0,947.0,0.0,2.0,3.0,1.0,0.0,42.0,0.0,0.0,4,190.0,0,0
1,1,0.0,9,0.0,10.0,515.0,0,20.0,1,0.0,0.0,166.0,82.0,0,0,22.0,0,10.0,291.0,6,0.0,0,14,0.0,0,2036.0,0.0,159.0,39,119.0,4.0,242.0,0.0,444.0,0.0,6523.0,0,0,0.0,38.0,0.0,0,264.0,0.0,0.0,0.0,0.0,0.0,0.0,0.0,0.0,0.0,0.0,0.0,0,0.0,0,0
1,0,0.0,1,0.0,267.0,208.0,0,115.0,0,0.0,0.0,0.0,15.0,0,0,0.0,0,5.0,300.0,0,1.0,12,0,2.0,0,4.0,2948.0,154.0,0,695.0,0.0,174.0,0.0,0.0,12.0,0.0,0,0,0.0,45.0,0.0,0,0.0,68.0,0.0,6153.0,0.0,17.0,49.0,320.0,0.0,34.0,0.0,0.0,8,1350.0,0,0
1,0,0.0,1,0.0,0.0,122.0,0,9.0,0,0.0,0.0,195.0,12.0,0,0,0.0,1,4.0,498.0,1,1.0,5,0,0.0,0,0.0,0.0,98.0,0,165.0,0.0,318.0,182.0,318.0,0.0,0.0,0,0,1.0,33.0,0.0,0,88.0,102.0,41.0,128.0,0.0,0.0,4.0,21.0,12.0,1.0,92.0,9.0,6,36.0,0,0
1,0,0.0,0,0.0,5.0,0.0,0,0.0,1,1.0,0.0,6613.0,0.0,0,2,0.0,0,4.0,343.0,1,0.0,5,2,0.0,0,101.0,22.0,2597.0,0,106.0,0.0,19513.0,160.0,553.0,1378.0,435.0,0,0,0.0,42.0,20.0,0,198.0,0.0,0.0,321.0,0.0,0.0,25.0,690.0,33.0,72.0,1225.0,7.0,5,0.0,0,0
1,0,0.0,5,0.0,11.0,357.0,7,145.0,1,0.0,0.0,0.0,15.0,0,0,0.0,0,1.0,0.0,0,0.0,7,2,0.0,0,33.0,64.0,98.0,0,5078.0,0.0,608.0,198.0,3913.0,0.0,6.0,0,0,0.0,0.0,0.0,0,289.0,0.0,0.0,0.0,0.0,0.0,0.0,0.0,0.0,7.0,0.0,0.0,3,0.0,0,0
1,0,0.0,3,0.0,11.0,153.0,0,0.0,0,0.0,0.0,53.0,22.0,0,0,0.0,0,7.0,0.0,13,2.0,0,1,0.0,0,0.0,5.0,108.0,2,6763.0,5.0,550.0,113.0,410.0,47.0,0.0,0,0,1.0,59.0,830.0,0,5.0,0.0,0.0,878.0,0.0,0.0,29.0,11.0,0.0,37.0,0.0,2.0,21,6.0,0,0
1,1,0.0,4,0.0,3.0,203.0,0,0.0,0,0.0,0.0,65.0,0.0,2,0,0.0,0,0.0,35.0,0,2.0,7,1,2.0,0,33.0,0.0,108.0,2,127.0,0.0,10113.0,35.0,0.0,0.0,68.0,0,0,0.0,14.0,0.0,0,190.0,353.0,0.0,141.0,0.0,0.0,6.0,9.0,0.0,0.0,0.0,0.0,8,492.0,0,0
1,1,0.0,6,0.0,6.0,50.0,0,186.0,0,2.0,0.0,198.0,0.0,0,0,11.0,0,7.0,120.0,1,2.0,3,4,13.0,0,2818.0,0.0,126.0,3,134.0,0.0,21646.0,217.0,533.0,225.0,0.0,0,0,6.0,68.0,0.0,0,0.0,183.0,0.0,290.0,0.0,1.0,8.0,8.0,0.0,64.0,294.0,86.0,5,0.0,0,0
1,0,0.0,1,0.0,4.0,0.0,0,74.0,3,0.0,0.0,126.0,72.0,0,0,0.0,0,10.0,66.0,1,0.0,0,2,0.0,0,45.0,0.0,87.0,33,133.0,0.0,622.0,0.0,0.0,0.0,0.0,0,0,0.0,63.0,91.0,0,0.0,259.0,0.0,143.0,0.0,0.0,0.0,0.0,83.0,24.0,28.0,27.0,11,3122.0,0,0
1,0,0.0,2,0.0,6.0,342.0,0,0.0,3,0.0,0.0,122.0,41.0,0,3,0.0,0,9.0,40.0,0,0.0,1,10,0.0,0,0.0,98.0,145.0,3,0.0,0.0,0.0,55.0,786.0,0.0,704.0,0,0,2.0,54.0,139.0,0,0.0,165.0,0.0,6212.0,0.0,0.0,35.0,2.0,0.0,0.0,98.0,46.0,0,0.0,0,0
1,1,0.0,2,0.0,9.0,409.0,0,2574.0,0,0.0,0.0,4601.0,4.0,2,0,0.0,0,6.0,81.0,0,0.0,0,0,11.0,0,0.0,0.0,101.0,0,665.0,0.0,108.0,128.0,572.0,0.0,64.0,0,0,0.0,56.0,134.0,0,0.0,199.0,0.0,6647.0,0.0,0.0,55.0,173.0,0.0,3.0,87.0,87.0,12,0.0,0,0
1,0,0.0,1,0.0,7.0,554.0,0,97.0,3,0.0,0.0,94.0,0.0,0,0,0.0,0,3.0,55.0,5,0.0,5,1,0.0,0,45.0,1769.0,0.0,0,154.0,3.0,645.0,183.0,0.0,71.0,0.0,0,0,0.0,0.0,0.0,0,155.0,0.0,0.0,58.0,0.0,0.0,0.0,7.0,0.0,7.0,0.0,0.0,7,0.0,0,0
1,0,0.0,0,0.0,4.0,0.0,0,0.0,0,9.0,0.0,79.0,0.0,0,0,0.0,0,2.0,0.0,0,1.0,3,1,0.0,0,0.0,1106.0,0.0,56,240.0,0.0,8107.0,6231.0,475.0,0.0,0.0,0,0,0.0,0.0,0.0,0,0.0,298.0,0.0,1112.0,0.0,0.0,11.0,13.0,0.0,5.0,0.0,0.0,8,0.0,0,0
1,1,0.0,0,0.0,5.0,54.0,0,0.0,1,1.0,782.0,228.0,42.0,0,0,0.0,0,2.0,458.0,7,1.0,4,0,0.0,0,0.0,0.0,124.0,0,104.0,0.0,791.0,145.0,0.0,0.0,721.0,0,0,0.0,16.0,57.0,0,342.0,2222.0,12.0,795.0,0.0,1.0,0.0,2.0,0.0,0.0,0.0,57.0,3,0.0,0,0
1,0,0.0,0,409.0,10.0,184.0,0,23.0,0,0.0,0.0,173.0,0.0,0,0,0.0,0,8.0,161.0,0,1.0,0,1,0.0,0,0.0,0.0,98.0,3,205.0,0.0,5046.0,134.0,310.0,51.0,1122.0,0,0,0.0,37.0,2819.0,0,0.0,189.0,0.0,1036.0,0.0,2.0,0.0,7.0,0.0,0.0,26.0,0.0,19,0.0,0,0
1,0,0.0,0,222.0,331.0,504.0,0,247.0,3,0.0,0.0,0.0,60.0,0,0,0.0,0,0.0,98.0,4,1.0,6,1,0.0,0,0.0,99.0,386.0,71,0.0,0.0,0.0,116.0,599.0,56.0,756.0,0,0,2.0,41.0,6062.0,0,200.0,127.0,0.0,216.0,0.0,2.0,16.0,14.0,0.0,177.0,9.0,2405.0,5,17.0,0,0
1,0,0.0,24,0.0,10.0,0.0,0,0.0,23,0.0,0.0,150.0,54.0,0,0,0.0,0,10.0,52.0,13,1.0,0,2,2.0,0,0.0,149.0,155.0,3,175.0,1.0,172.0,264.0,486.0,0.0,0.0,0,0,6.0,76.0,2983.0,0,280.0,0.0,0.0,639.0,0.0,0.0,25.0,248.0,0.0,120.0,119.0,0.0,10,14.0,0,0
1,0,0.0,7,0.0,9.0,71.0,0,8933.0,0,0.0,0.0,41.0,0.0,0,0,0.0,1,10.0,0.0,1,0.0,1,1,0.0,0,0.0,0.0,0.0,0,151.0,0.0,2567.0,114.0,16.0,58.0,0.0,0,0,0.0,74.0,130.0,0,695.0,8351.0,0.0,260.0,0.0,1.0,0.0,8.0,0.0,0.0,181.0,0.0,8,53.0,0,0
1,0,0.0,0,0.0,0.0,233.0,0,0.0,0,0.0,0.0,196.0,0.0,0,0,0.0,0,1.0,0.0,9,1.0,5,1,0.0,0,23.0,2912.0,50.0,13,204.0,0.0,0.0,128.0,574.0,12.0,780.0,0,0,0.0,0.0,28.0,0,269.0,189.0,0.0,238.0,0.0,0.0,10.0,11.0,0.0,0.0,0.0,684.0,8,0.0,0,0
1,0,0.0,2,0.0,2.0,1028.0,0,189.0,0,0.0,0.0,155.0,0.0,0,0,1.0,0,0.0,47.0,5,33.0,4,0,0.0,0,0.0,0.0,53.0,19,6215.0,0.0,552.0,165.0,118.0,59.0,4743.0,0,0,0.0,0.0,135.0,0,48.0,109.0,0.0,973.0,0.0,0.0,3.0,573.0,0.0,0.0,0.0,0.0,5,1037.0,0,0
1,0,0.0,0,1.0,3.0,0.0,0,223.0,0,0.0,0.0,0.0,73.0,0,0,1.0,0,4.0,29.0,8,1.0,0,1,0.0,0,2440.0,0.0,35.0,4,147.0,0.0,14314.0,33.0,0.0,53.0,0.0,0,0,0.0,10.0,78.0,0,168.0,0.0,0.0,133.0,0.0,2.0,2.0,15.0,0.0,61.0,0.0,46.0,0,0.0,0,0
1,0,0.0,0,0.0,319.0,373.0,0,0.0,0,0.0,0.0,5622.0,108.0,0,0,0.0,0,6.0,128.0,0,0.0,0,10,0.0,0,0.0,178.0,571.0,33,0.0,3.0,6419.0,137.0,692.0,26.0,481.0,0,0,0.0,67.0,76.0,0,137.0,0.0,0.0,711.0,0.0,0.0,2040.0,0.0,0.0,0.0,0.0,0.0,6,0.0,0,0
1,0,0.0,0,342.0,3.0,0.0,0,170.0,0,0.0,0.0,8.0,0.0,0,0,0.0,0,23.0,19.0,3,1.0,5,7,0.0,0,0.0,84.0,19.0,1,6715.0,0.0,469.0,146.0,0.0,2420.0,0.0,0,0,0.0,0.0,113.0,0,0.0,3664.0,0.0,84.0,0.0,0.0,8.0,12.0,0.0,1338.0,0.0,718.0,8,389.0,0,0
1,0,0.0,1,0.0,7.0,76.0,15,2667.0,0,0.0,0.0,73.0,0.0,0,0,0.0,0,2.0,0.0,8,1.0,7,29,0.0,0,1.0,0.0,115.0,0,188.0,0.0,67.0,91.0,0.0,0.0,0.0,0,0,1.0,33.0,72.0,0,115.0,162.0,0.0,178.0,0.0,0.0,0.0,0.0,0.0,0.0,7.0,0.0,10,0.0,0,0
1,0,0.0,0,0.0,0.0,145.0,0,44.0,0,0.0,0.0,103.0,0.0,0,0,0.0,0,8.0,62.0,0,2.0,3,25,0.0,0,52.0,0.0,109.0,0,122.0,0.0,0.0,171.0,0.0,581.0,0.0,0,0,1.0,0.0,130.0,0,109.0,28.0,0.0,110.0,0.0,0.0,0.0,8.0,68.0,87.0,0.0,0.0,5,1744.0,0,0
1,0,0.0,1,7.0,9.0,299.0,0,38.0,0,0.0,0.0,132.0,0.0,0,0,0.0,0,4.0,38.0,0,1.0,2,1,0.0,0,41.0,0.0,161.0,62,261.0,0.0,585.0,36.0,367.0,0.0,0.0,0,0,0.0,24.0,92.0,0,0.0,0.0,0.0,243.0,0.0,0.0,0.0,4.0,0.0,0.0,0.0,0.0,0,7.0,0,0
1,2,0.0,0,0.0,10.0,0.0,0,0.0,0,0.0,0.0,12.0,0.0,0,0,0.0,0,7.0,180.0,8,48.0,1,1,0.0,0,25.0,0.0,115.0,0,77.0,0.0,614.0,200.0,258.0,11.0,331.0,0,0,0.0,0.0,4807.0,0,276.0,85.0,0.0,951.0,0.0,0.0,0.0,16.0,0.0,274.0,0.0,0.0,0,0.0,0,0
1,0,0.0,2,0.0,3.0,286.0,1,0.0,0,0.0,1.0,29.0,0.0,0,0,0.0,0,5.0,145.0,1,1.0,0,1,0.0,0,0.0,0.0,135.0,0,173.0,0.0,0.0,165.0,423.0,7.0,791.0,0,0,0.0,0.0,62.0,0,0.0,6535.0,0.0,0.0,0.0,2.0,0.0,3.0,0.0,0.0,0.0,3127.0,0,69.0,0,0
1,0,0.0,1,0.0,275.0,457.0,0,271.0,0,0.0,0.0,0.0,48.0,0,0,0.0,0,3.0,97.0,6,17.0,0,24,0.0,0,0.0,0.0,119.0,2,0.0,0.0,289.0,0.0,0.0,0.0,0.0,0,0,2.0,67.0,43.0,0,19.0,213.0,0.0,232.0,0.0,1.0,0.0,0.0,60.0,60.0,0.0,2199.0,6,0.0,0,0
1,1,0.0,0,0.0,1.0,547.0,0,10065.0,0,0.0,14.0,121.0,0.0,0,0,0.0,0,3.0,139.0,1,42.0,0,1,0.0,0,1092.0,6265.0,16.0,1,67.0,0.0,790.0,49.0,0.0,0.0,0.0,0,0,1.0,0.0,0.0,0,81.0,201.0,0.0,292.0,0.0,0.0,16.0,5.0,0.0,20.0,0.0,2021.0,11,0.0,0,0
1,1,0.0,2,0.0,10.0,210.0,0,0.0,0,1.0,30.0,141.0,0.0,0,0,0.0,1,4.0,54.0,3,1.0,26,2,0.0,5,0.0,2026.0,80.0,69,0.0,0.0,441.0,101.0,49.0,0.0,0.0,0,0,0.0,48.0,20.0,0,297.0,290.0,7.0,1050.0,0.0,0.0,13.0,5.0,0.0,34.0,0.0,0.0,0,0.0,0,0
1,0,1.0,0,0.0,4.0,96.0,0,55.0,0,0.0,0.0,174.0,0.0,0,0,0.0,0,7.0,79.0,12,1.0,1,2,0.0,0,0.0,6818.0,81.0,0,157.0,0.0,76.0,147.0,0.0,84.0,316.0,0,0,0.0,43.0,40.0,0,8.0,0.0,7.0,1431.0,0.0,0.0,336.0,0.0,0.0,210.0,0.0,0.0,0,0.0,0,0
1,0,3.0,1,0.0,8.0,247.0,0,0.0,0,0.0,0.0,120.0,0.0,0,0,0.0,0,5.0,1025.0,9,36.0,4,7,0.0,0,0.0,0.0,145.0,0,79.0,2.0,169.0,0.0,0.0,0.0,22376.0,0,0,0.0,0.0,1946.0,0,165.0,361.0,42.0,0.0,0.0,0.0,47.0,0.0,0.0,66.0,193.0,0.0,6,344.0,0,0
1,0,0.0,1,0.0,11.0,461.0,0,74.0,0,0.0,19.0,56.0,0.0,3,0,1.0,0,1.0,0.0,1,0.0,1,1,0.0,0,0.0,0.0,127.0,34,0.0,0.0,837.0,181.0,173.0,7.0,547.0,0,0,2.0,75.0,110.0,0,0.0,353.0,20.0,91.0,0.0,0.0,0.0,0.0,0.0,0.0,154.0,0.0,9,74.0,0,0
1,0,0.0,0,0.0,3.0,39.0,0,0.0,0,0.0,5.0,6403.0,0.0,0,0,0.0,0,7.0,590.0,0,1.0,10,1,0.0,0,1584.0,969.0,99.0,0,117.0,0.0,16982.0,115.0,0.0,66.0,220.0,0,0,0.0,38.0,26.0,0,353.0,0.0,0.0,959.0,0.0,0.0,28.0,13.0,0.0,30.0,94.0,0.0,3,0.0,0,0
1,0,2.0,0,0.0,9.0,0.0,13,230.0,0,1.0,0.0,166.0,0.0,0,0,0.0,0,2.0,0.0,0,28.0,1,9,1.0,0,0.0,181.0,67.0,0,184.0,0.0,572.0,144.0,2196.0,0.0,0.0,0,0,0.0,6.0,14.0,0,217.0,0.0,0.0,691.0,0.0,0.0,0.0,8.0,0.0,33.0,0.0,0.0,6,0.0,0,0
1,0,0.0,0,0.0,8.0,1588.0,14,389.0,0,0.0,11.0,41.0,0.0,0,0,0.0,0,4.0,308.0,29,60.0,3,1,0.0,0,0.0,0.0,1598.0,0,179.0,0.0,682.0,237.0,495.0,0.0,0.0,0,0,0.0,31.0,134.0,0,0.0,212.0,41.0,1407.0,0.0,0.0,0.0,0.0,0.0,0.0,87.0,0.0,4,1.0,0,0
1,0,0.0,0,0.0,8.0,0.0,0,0.0,1,0.0,0.0,158.0,0.0,0,0,0.0,0,6.0,36.0,4,1.0,2,10,0.0,0,0.0,1054.0,0.0,0,0.0,0.0,451.0,119.0,145.0,0.0,116.0,0,0,0.0,63.0,0.0,0,0.0,263.0,0.0,1233.0,0.0,0.0,553.0,4.0,0.0,39.0,0.0,0.0,11,41.0,0,0
1,0,0.0,1,0.0,0.0,113.0,0,1113.0,1,4.0,0.0,0.0,32.0,0,1,0.0,0,7.0,0.0,0,0.0,0,1,0.0,0,0.0,0.0,87.0,1,1286.0,0.0,634.0,3.0,63.0,0.0,0.0,0,0,0.0,67.0,87.0,0,0.0,219.0,0.0,245.0,0.0,1.0,68.0,4.0,0.0,65.0,0.0,2974.0,9,0.0,0,0
1,0,0.0,4,0.0,3.0,198.0,0,191.0,0,2.0,0.0,72.0,0.0,0,0,0.0,0,2.0,45.0,0,0.0,0,1,0.0,0,0.0,122.0,163.0,0,30.0,0.0,315.0,189.0,856.0,0.0,13706.0,0,0,0.0,60.0,5231.0,0,0.0,0.0,0.0,1026.0,0.0,0.0,0.0,0.0,0.0,95.0,0.0,2381.0,0,0.0,0,0
1,1,0.0,0,0.0,12.0,71.0,2,0.0,0,0.0,0.0,95.0,0.0,0,0,0.0,0,6.0,19.0,0,2.0,6,2,0.0,0,0.0,0.0,110.0,0,4193.0,0.0,70.0,0.0,4343.0,0.0,412.0,0,0,0.0,0.0,5769.0,0,296.0,225.0,0.0,899.0,0.0,0.0,32.0,0.0,0.0,0.0,0.0,0.0,3,24.0,0,0
1,0,3.0,0,0.0,2.0,0.0,40,0.0,0,0.0,14.0,0.0,0.0,0,0,27.0,0,6.0,128.0,0,0.0,0,0,0.0,0,0.0,0.0,162.0,3,596.0,3.0,870.0,27.0,2992.0,0.0,0.0,0,0,1.0,16.0,65.0,0,0.0,94.0,0.0,279.0,0.0,0.0,0.0,0.0,3707.0,0.0,0.0,27.0,7,0.0,0,0
1,0,0.0,2,0.0,6.0,106.0,0,0.0,0,0.0,0.0,1515.0,52.0,0,0,0.0,0,7.0,118.0,0,1.0,1,1,0.0,0,1900.0,0.0,44.0,4,70.0,0.0,0.0,174.0,1.0,0.0,0.0,0,0,0.0,49.0,75.0,0,0.0,103.0,0.0,0.0,0.0,0.0,0.0,0.0,0.0,112.0,0.0,2153.0,5,0.0,0,0
1,1,0.0,1,8.0,8.0,293.0,0,253.0,0,2.0,0.0,0.0,0.0,0,0,0.0,0,10.0,84.0,12,29.0,0,0,0.0,0,0.0,0.0,0.0,2,522.0,1.0,80.0,80.0,203.0,84.0,681.0,0,0,0.0,21.0,0.0,0,77.0,0.0,4.0,649.0,0.0,2.0,54.0,9.0,0.0,17.0,1566.0,0.0,22,423.0,0,0
1,0,0.0,1,0.0,0.0,4587.0,0,154.0,0,2.0,0.0,93.0,0.0,0,0,0.0,0,6.0,97.0,2,1.0,0,51,2.0,0,99.0,291.0,46.0,0,249.0,2.0,159.0,170.0,502.0,0.0,0.0,0,0,27.0,34.0,21.0,0,0.0,80.0,0.0,173.0,0.0,0.0,15.0,0.0,0.0,25.0,128.0,0.0,10,71.0,0,0
1,0,0.0,1,0.0,9.0,425.0,0,316.0,0,0.0,23.0,0.0,0.0,0,0,0.0,0,2.0,68.0,0,0.0,2,2,0.0,5,53.0,628.0,120.0,3,151.0,0.0,0.0,45.0,0.0,22.0,75.0,0,0,26.0,50.0,0.0,0,0.0,120.0,0.0,708.0,0.0,0.0,36.0,0.0,0.0,0.0,0.0,0.0,16,401.0,0,0
1,0,0.0,9,497.0,399.0,434.0,0,146.0,0,16.0,0.0,25.0,0.0,0,1,0.0,0,3.0,112.0,1,0.0,0,2,0.0,0,0.0,0.0,132.0,67,183.0,0.0,223.0,214.0,0.0,28.0,523.0,0,0,0.0,32.0,55.0,0,0.0,229.0,0.0,795.0,0.0,0.0,60.0,0.0,0.0,34.0,0.0,1068.0,2,0.0,0,0
1,1,0.0,0,63.0,12.0,0.0,27,0.0,0,0.0,0.0,127.0,0.0,0,0,0.0,0,8.0,101.0,3,1.0,25,11,0.0,0,0.0,0.0,89.0,0,157.0,0.0,386.0,55.0,0.0,21.0,5222.0,0,0,0.0,10.0,94.0,0,155.0,175.0,26.0,259.0,0.0,16.0,0.0,11.0,0.0,0.0,75.0,0.0,0,0.0,0,0
1,0,0.0,4,0.0,7.0,383.0,0,78.0,0,0.0,0.0,119.0,0.0,0,0,0.0,0,6.0,837.0,0,2.0,4,0,0.0,0,0.0,0.0,139.0,0,128.0,0.0,110.0,0.0,0.0,0.0,0.0,0,0,0.0,44.0,53.0,0,214.0,164.0,0.0,745.0,0.0,1.0,302.0,20.0,0.0,39.0,0.0,2984.0,2,0.0,0,0
1,1,0.0,1,267.0,3.0,7441.0,11,0.0,0,0.0,7.0,217.0,53.0,0,0,0.0,0,6.0,728.0,21,2.0,0,1,0.0,0,0.0,0.0,62.0,0,105.0,0.0,311.0,177.0,2825.0,38.0,2230.0,0,0,0.0,30.0,117.0,0,229.0,230.0,29.0,24.0,0.0,0.0,8.0,11.0,0.0,0.0,0.0,0.0,7,1070.0,0,0
1,0,0.0,2,16.0,6.0,218.0,0,99.0,0,0.0,0.0,62.0,83.0,0,0,0.0,0,4.0,1.0,0,0.0,0,1,0.0,0,92.0,0.0,129.0,0,0.0,0.0,135.0,0.0,297.0,0.0,6911.0,0,0,0.0,0.0,28.0,0,0.0,0.0,0.0,0.0,0.0,0.0,22.0,0.0,115.0,0.0,0.0,0.0,4,0.0,0,0
1,0,3.0,0,0.0,5.0,428.0,0,0.0,0,7.0,6.0,127.0,26.0,0,0,0.0,0,6.0,962.0,0,0.0,6,0,0.0,0,11.0,0.0,90.0,0,91.0,0.0,273.0,100.0,0.0,0.0,44.0,0,0,2.0,0.0,0.0,0,192.0,19.0,0.0,0.0,0.0,0.0,0.0,0.0,0.0,31.0,0.0,0.0,1,0.0,0,0
1,1,0.0,0,0.0,3.0,208.0,1032,259.0,0,0.0,15.0,0.0,0.0,3,0,0.0,0,8.0,153.0,5,1.0,0,2,0.0,0,1337.0,220.0,39.0,0,213.0,0.0,0.0,0.0,340.0,0.0,0.0,0,0,30.0,15.0,53.0,0,364.0,0.0,0.0,111.0,0.0,0.0,27.0,8.0,0.0,1171.0,0.0,2676.0,5,0.0,0,0
1,0,0.0,0,0.0,2.0,257.0,0,65.0,0,1.0,0.0,0.0,134.0,2,0,0.0,0,9.0,4250.0,3,0.0,1,2,0.0,0,3.0,258.0,8.0,0,96.0,0.0,0.0,150.0,1247.0,0.0,0.0,0,0,0.0,18.0,0.0,0,145.0,77.0,0.0,221.0,0.0,0.0,52.0,2.0,714.0,62.0,1086.0,0.0,7,0.0,0,0
1,0,0.0,2,262.0,3.0,254.0,0,170.0,0,1.0,0.0,180.0,67.0,0,0,0.0,0,8.0,110.0,4,0.0,0,0,0.0,0,0.0,0.0,1430.0,25,0.0,0.0,613.0,133.0,1429.0,0.0,92.0,0,0,1.0,51.0,76.0,0,118.0,1242.0,2.0,104.0,0.0,0.0,1.0,14.0,0.0,73.0,0.0,0.0,9,0.0,0,0
1,0,0.0,0,0.0,5.0,261.0,11,142.0,0,0.0,11.0,91.0,0.0,0,3,0.0,0,6.0,21.0,4,2.0,0,1,0.0,0,95.0,495.0,104.0,0,129.0,0.0,201.0,148.0,0.0,24.0,914.0,0,0,1.0,47.0,9.0,0,170.0,522.0,0.0,124.0,0.0,1.0,0.0,11.0,0.0,0.0,0.0,2698.0,0,0.0,0,0
1,0,2.0,2,0.0,1.0,399.0,0,0.0,0,1.0,0.0,86.0,0.0,0,0,0.0,0,1.0,90.0,0,1.0,0,0,0.0,0,0.0,106.0,136.0,0,168.0,0.0,2007.0,37.0,0.0,66.0,0.0,0,0,0.0,2689.0,12.0,0,444.0,934.0,16.0,34.0,0.0,0.0,10.0,10.0,0.0,0.0,0.0,24.0,5,0.0,0,0
1,0,0.0,0,0.0,2.0,194.0,0,0.0,0,0.0,0.0,147.0,0.0,0,0,0.0,0,7.0,127.0,7,1.0,5,0,0.0,0,0.0,0.0,3329.0,3,129.0,0.0,4023.0,0.0,125.0,3.0,15138.0,0,0,0.0,0.0,2.0,0,243.0,0.0,3.0,736.0,0.0,0.0,0.0,19.0,0.0,30.0,0.0,0.0,3,0.0,0,0
1,0,0.0,1,0.0,13.0,225.0,0,270.0,0,0.0,0.0,160.0,36.0,0,0,0.0,0,7.0,0.0,6,0.0,1,1,0.0,0,0.0,0.0,37.0,0,121.0,0.0,5260.0,225.0,188.0,0.0,744.0,0,0,0.0,79.0,93.0,0,167.0,179.0,3.0,1272.0,0.0,0.0,0.0,16.0,0.0,0.0,0.0,104.0,0,9.0,0,0
1,0,0.0,2,0.0,9.0,169.0,19,252.0,0,0.0,0.0,0.0,0.0,0,0,1.0,0,7.0,20.0,1,0.0,1,0,0.0,0,0.0,0.0,125.0,85,82.0,0.0,16464.0,0.0,0.0,0.0,0.0,0,0,1.0,35.0,127.0,0,0.0,40.0,0.0,0.0,0.0,0.0,0.0,162.0,0.0,0.0,0.0,0.0,7,0.0,0,0
1,0,0.0,0,0.0,8.0,279.0,0,160.0,0,0.0,0.0,128.0,0.0,0,0,0.0,0,4.0,44.0,6,0.0,0,2,0.0,0,1386.0,159.0,765.0,0,200.0,0.0,304.0,119.0,0.0,36.0,100.0,0,0,0.0,48.0,0.0,0,463.0,230.0,0.0,967.0,0.0,0.0,0.0,0.0,0.0,80.0,0.0,0.0,4,0.0,0,0
1,2,0.0,2,0.0,6.0,117.0,0,0.0,0,0.0,0.0,73.0,0.0,0,0,1.0,0,2.0,44.0,0,1.0,0,0,0.0,0,0.0,0.0,158.0,0,152.0,3.0,2525.0,0.0,0.0,62.0,949.0,0,0,0.0,35.0,33.0,0,0.0,119.0,0.0,166.0,0.0,1.0,0.0,9.0,0.0,0.0,0.0,505.0,10,21.0,0,0
1,0,0.0,1,0.0,0.0,237.0,0,214.0,0,0.0,0.0,143.0,70.0,0,0,0.0,0,10.0,70.0,4,0.0,4,0,11.0,0,0.0,0.0,90.0,43,218.0,0.0,0.0,73.0,328.0,33.0,589.0,0,0,0.0,39.0,86.0,0,290.0,192.0,8.0,0.0,0.0,0.0,0.0,209.0,65.0,0.0,60.0,0.0,10,0.0,0,0
1,0,0.0,0,687.0,8.0,140.0,0,67.0,0,0.0,0.0,0.0,0.0,0,0,0.0,0,7.0,38.0,0,1.0,0,0,0.0,0,44.0,0.0,60.0,41,48.0,3.0,440.0,2359.0,62.0,15.0,480.0,0,0,0.0,25.0,71.0,0,0.0,24.0,0.0,106.0,0.0,0.0,18.0,10.0,0.0,0.0,98.0,57.0,1,0.0,0,0
1,0,0.0,0,8.0,310.0,247.0,7,4397.0,0,0.0,1.0,86.0,0.0,0,0,0.0,0,0.0,49.0,1,29.0,0,10,0.0,0,0.0,311.0,0.0,70,38.0,0.0,640.0,226.0,142.0,33.0,0.0,0,0,1.0,70.0,95.0,0,52.0,187.0,0.0,345.0,0.0,2.0,51.0,407.0,0.0,21.0,0.0,4491.0,4,1180.0,0,0
1,1,0.0,0,0.0,6.0,0.0,0,0.0,0,0.0,0.0,0.0,0.0,0,0,0.0,1,3.0,0.0,0,0.0,0,11,0.0,0,0.0,133.0,34.0,36,39.0,0.0,0.0,189.0,0.0,0.0,80.0,0,0,0.0,0.0,0.0,0,0.0,182.0,0.0,6815.0,0.0,0.0,0.0,0.0,0.0,27.0,10.0,0.0,11,0.0,0,0
1,0,0.0,6,0.0,6.0,239.0,0,0.0,0,0.0,0.0,101.0,0.0,0,0,1.0,0,9.0,668.0,4,0.0,1,0,0.0,0,0.0,0.0,102.0,0,197.0,0.0,497.0,128.0,0.0,0.0,773.0,0,0,1.0,1.0,5361.0,0,0.0,251.0,0.0,184.0,0.0,0.0,0.0,6.0,0.0,0.0,0.0,1697.0,5,0.0,0,0
1,1,0.0,1,0.0,13.0,373.0,0,0.0,0,39.0,17.0,223.0,105.0,0,0,0.0,0,4.0,145.0,3,3.0,1,13,0.0,0,0.0,5496.0,3943.0,43,41.0,0.0,447.0,228.0,637.0,0.0,264.0,0,0,0.0,39.0,0.0,0,40.0,179.0,0.0,1006.0,0.0,0.0,39.0,19.0,0.0,0.0,0.0,23.0,6,0.0,0,0
1,0,0.0,0,0.0,11.0,0.0,29,164.0,0,0.0,0.0,123.0,0.0,0,0,0.0,0,25.0,10.0,3,12.0,5,2,0.0,0,0.0,1303.0,32.0,62,142.0,0.0,11282.0,0.0,3556.0,0.0,0.0,0,0,1.0,0.0,65.0,0,47.0,36.0,0.0,289.0,0.0,0.0,21.0,0.0,0.0,35.0,0.0,0.0,6,0.0,0,0
1,0,0.0,2,0.0,3.0,0.0,19,0.0,0,0.0,0.0,85.0,16.0,0,0,0.0,1,10.0,40.0,0,1.0,4,0,0.0,0,0.0,0.0,138.0,0,32.0,3.0,775.0,77.0,0.0,58.0,0.0,0,0,0.0,51.0,126.0,0,26.0,0.0,40.0,0.0,0.0,0.0,22.0,5.0,0.0,1.0,0.0,85.0,10,0.0,0,0
1,0,0.0,8,0.0,0.0,98.0,0,0.0,0,0.0,0.0,2148.0,0.0,0,0,0.0,0,7.0,1022.0,6,1.0,5,1,0.0,0,0.0,0.0,26.0,0,6955.0,3.0,867.0,169.0,0.0,35.0,0.0,0,0,0.0,2.0,79.0,0,35.0,8502.0,37.0,267.0,0.0,0.0,25.0,638.0,0.0,44.0,260.0,3173.0,1,0.0,0,0
1,0,2.0,2,0.0,0.0,297.0,0,146.0,0,0.0,14.0,108.0,65.0,0,0,0.0,1,8.0,46.0,0,0.0,3,1,0.0,8,0.0,0.0,58.0,32,15.0,0.0,588.0,73.0,97.0,45.0,0.0,0,0,0.0,71.0,163.0,0,41.0,10528.0,0.0,225.0,0.0,1.0,46.0,11.0,0.0,38.0,102.0,28.0,9,0.0,0,0
1,0,0.0,0,2.0,6.0,0.0,1,114.0,1,0.0,0.0,0.0,0.0,0,0,0.0,0,7.0,23.0,14,0.0,5,0,0.0,0,0.0,2956.0,88.0,65,134.0,2.0,5613.0,3.0,91.0,0.0,945.0,0,0,1.0,26.0,76.0,0,6403.0,144.0,0.0,318.0,0.0,31.0,9.0,11.0,0.0,0.0,0.0,3076.0,6,0.0,0,0
1,0,0.0,24,0.0,12.0,0.0,0,435.0,0,0.0,0.0,16.0,52.0,5,0,0.0,0,8.0,586.0,2,0.0,0,2,0.0,5,99.0,3.0,4707.0,2,95.0,0.0,689.0,11.0,17.0,51.0,0.0,0,0,0.0,0.0,66.0,0,224.0,0.0,0.0,184.0,0.0,0.0,26.0,0.0,0.0,28.0,965.0,0.0,6,0.0,0,0
1,0,0.0,1,0.0,0.0,577.0,0,183.0,0,0.0,0.0,3291.0,0.0,0,0,0.0,0,1.0,79.0,4,0.0,1,0,0.0,0,58.0,507.0,177.0,0,145.0,6.0,130.0,80.0,0.0,842.0,0.0,0,0,0.0,37.0,51.0,0,0.0,205.0,0.0,673.0,0.0,0.0,0.0,0.0,0.0,0.0,0.0,39.0,4,0.0,0,0
1,0,0.0,2,0.0,83.0,238.0,0,9309.0,0,0.0,12.0,82.0,0.0,0,0,0.0,0,1.0,68.0,0,50.0,0,18,0.0,7,143.0,0.0,167.0,97,110.0,0.0,18770.0,3915.0,315.0,0.0,0.0,0,0,0.0,0.0,42.0,0,74.0,188.0,19.0,163.0,0.0,0.0,58.0,0.0,0.0,21.0,0.0,2892.0,6,398.0,0,0
1,0,0.0,1,0.0,10.0,386.0,1,0.0,0,4.0,0.0,87.0,46.0,0,0,0.0,0,1.0,599.0,0,0.0,13,0,0.0,0,54.0,0.0,152.0,0,6078.0,0.0,226.0,0.0,77.0,0.0,316.0,0,0,0.0,12.0,80.0,0,19.0,211.0,0.0,126.0,0.0,0.0,0.0,318.0,46.0,0.0,0.0,0.0,7,0.0,0,0
1,0,0.0,0,0.0,10.0,0.0,45,0.0,0,0.0,0.0,71.0,0.0,0,0,0.0,0,9.0,0.0,4,1.0,1,1,0.0,0,0.0,0.0,124.0,67,114.0,1.0,2234.0,141.0,136.0,43.0,0.0,0,0,0.0,27.0,0.0,0,203.0,0.0,9.0,903.0,0.0,0.0,0.0,0.0,0.0,0.0,0.0,0.0,7,0.0,0,0
1,0,0.0,0,0.0,0.0,282.0,0,0.0,0,0.0,0.0,206.0,0.0,0,0,0.0,0,4.0,22.0,0,0.0,0,41,0.0,0,0.0,380.0,107.0,14,0.0,0.0,689.0,150.0,362.0,79.0,5354.0,0,0,1.0,57.0,117.0,0,175.0,146.0,0.0,171.0,0.0,0.0,53.0,0.0,0.0,24.0,87.0,0.0,5,0.0,0,0
1,0,0.0,2,0.0,9.0,513.0,0,232.0,3,0.0,0.0,159.0,0.0,0,0,0.0,0,4.0,30.0,0,4.0,1,18,0.0,0,55.0,42.0,111.0,4,127.0,0.0,0.0,100.0,638.0,0.0,0.0,0,0,0.0,58.0,103.0,0,188.0,0.0,27.0,1218.0,0.0,1.0,62.0,9.0,0.0,35.0,0.0,822.0,18,0.0,0,0
1,1,2.0,5,1.0,9.0,178.0,9,0.0,0,0.0,3.0,127.0,0.0,0,0,0.0,0,7.0,286.0,0,0.0,0,8,0.0,0,67.0,0.0,153.0,0,122.0,0.0,3672.0,115.0,168.0,6.0,0.0,0,0,0.0,2.0,106.0,0,19.0,0.0,0.0,107.0,0.0,0.0,0.0,5.0,0.0,0.0,0.0,1002.0,7,0.0,0,0
1,0,0.0,1,11.0,13.0,137.0,0,100.0,0,0.0,0.0,0.0,12.0,0,0,0.0,0,1.0,353.0,1,1.0,2,11,0.0,0,99.0,0.0,98.0,0,144.0,3.0,12004.0,148.0,643.0,0.0,1284.0,0,0,0.0,0.0,128.0,0,0.0,0.0,0.0,0.0,0.0,0.0,40.0,6.0,0.0,0.0,134.0,0.0,7,1496.0,0,0
1,0,0.0,2,0.0,3.0,463.0,0,0.0,0,0.0,0.0,137.0,22.0,3,0,0.0,0,3.0,49.0,10,0.0,6,10,0.0,0,0.0,0.0,116.0,33,179.0,0.0,0.0,168.0,524.0,54.0,0.0,0,0,52.0,39.0,4987.0,0,366.0,0.0,0.0,1398.0,0.0,0.0,32.0,0.0,6.0,65.0,0.0,0.0,8,0.0,0,0
1,0,0.0,0,0.0,8.0,281.0,0,0.0,0,0.0,0.0,0.0,32.0,0,0,0.0,0,5.0,0.0,4,3.0,0,5,0.0,0,373.0,0.0,132.0,33,28.0,0.0,582.0,234.0,0.0,11.0,194.0,0,0,0.0,48.0,3006.0,0,229.0,0.0,0.0,1080.0,0.0,0.0,0.0,9.0,0.0,32.0,28.0,1753.0,5,0.0,0,0
1,0,0.0,0,0.0,0.0,0.0,0,0.0,0,0.0,0.0,0.0,0.0,0,0,0.0,1,6.0,9.0,0,43.0,0,0,0.0,0,0.0,0.0,3607.0,1,122.0,0.0,594.0,152.0,457.0,29.0,244.0,0,0,0.0,66.0,825.0,0,396.0,37.0,3.0,0.0,0.0,0.0,0.0,789.0,0.0,3.0,226.0,2313.0,8,0.0,0,0
1,0,0.0,10,0.0,12.0,528.0,0,88.0,0,2.0,44.0,42.0,0.0,0,1,0.0,0,3.0,129.0,1,0.0,4,1,0.0,0,0.0,0.0,83.0,1,14.0,4.0,0.0,101.0,200.0,25.0,0.0,0,0,0.0,54.0,83.0,0,0.0,115.0,0.0,1490.0,0.0,0.0,50.0,235.0,0.0,69.0,330.0,0.0,2,0.0,0,0
1,1,0.0,1,0.0,10.0,0.0,0,0.0,0,0.0,0.0,168.0,56.0,0,0,0.0,0,1.0,9.0,0,0.0,1,11,0.0,0,0.0,0.0,94.0,0,0.0,0.0,490.0,81.0,480.0,0.0,95.0,0,0,0.0,1.0,257.0,0,0.0,166.0,16.0,846.0,0.0,0.0,0.0,0.0,0.0,55.0,0.0,0.0,10,0.0,0,0
1,0,0.0,0,0.0,2.0,0.0,0,36.0,0,0.0,0.0,0.0,0.0,0,0,0.0,0,3.0,39.0,7,2.0,0,2,0.0,0,26.0,0.0,52.0,0,183.0,0.0,0.0,100.0,0.0,42.0,701.0,0,0,1.0,31.0,9.0,0,6457.0,1.0,35.0,750.0,0.0,0.0,52.0,17.0,531.0,79.0,25.0,1256.0,38,0.0,0,0
1,0,0.0,0,67.0,3.0,0.0,0,82.0,0,0.0,0.0,162.0,0.0,0,0,0.0,0,0.0,887.0,10,1.0,4,0,0.0,0,3.0,0.0,49.0,85,238.0,0.0,569.0,112.0,130.0,47.0,0.0,0,0,2.0,0.0,26.0,0,167.0,111.0,5.0,706.0,0.0,0.0,44.0,142.0,0.0,91.0,0.0,2660.0,2,0.0,0,0
1,0,0.0,0,0.0,2.0,7439.0,3,0.0,0,1.0,20.0,119.0,0.0,0,0,0.0,6,7.0,149.0,0,1.0,22,2,0.0,0,0.0,416.0,28.0,0,5511.0,0.0,5063.0,0.0,0.0,5.0,0.0,0,0,3.0,0.0,1723.0,0,360.0,303.0,0.0,169.0,0.0,5.0,0.0,0.0,0.0,51.0,34.0,0.0,8,0.0,0,0
1,1,1.0,0,0.0,6.0,569.0,0,224.0,2,1.0,0.0,111.0,0.0,5,0,0.0,1,6.0,0.0,13,2.0,5,0,1.0,0,0.0,0.0,0.0,0,133.0,0.0,665.0,193.0,439.0,0.0,9980.0,0,0,0.0,47.0,9.0,0,0.0,150.0,0.0,836.0,0.0,0.0,31.0,6.0,402.0,13.0,240.0,0.0,5,0.0,0,0
1,0,0.0,7,0.0,2.0,387.0,0,142.0,0,0.0,0.0,10.0,0.0,1,0,0.0,0,8.0,52.0,7,0.0,10,1,6.0,0,39.0,0.0,172.0,1,970.0,0.0,0.0,107.0,68.0,0.0,1010.0,0,0,1.0,38.0,64.0,0,277.0,132.0,0.0,984.0,0.0,0.0,0.0,0.0,0.0,78.0,72.0,0.0,6,14.0,0,0
1,0,0.0,1,0.0,9.0,220.0,0,50.0,0,0.0,0.0,99.0,0.0,4,0,0.0,0,8.0,89.0,0,1.0,1,2,1.0,0,70.0,0.0,142.0,3,152.0,0.0,553.0,89.0,519.0,0.0,875.0,0,0,0.0,12.0,0.0,0,0.0,239.0,10.0,299.0,0.0,1.0,62.0,0.0,0.0,19.0,0.0,2420.0,3,0.0,0,0
1,0,0.0,2,0.0,10.0,460.0,0,1736.0,0,0.0,29.0,171.0,111.0,0,0,0.0,0,1.0,95.0,6,0.0,1,0,0.0,0,0.0,0.0,89.0,1,0.0,0.0,752.0,185.0,292.0,30.0,0.0,0,0,0.0,59.0,0.0,0,5.0,7.0,0.0,776.0,0.0,0.0,21.0,13.0,0.0,16.0,46.0,0.0,7,86.0,0,0
1,0,0.0,1,13.0,0.0,585.0,0,51.0,0,3.0,0.0,206.0,0.0,0,0,0.0,0,0.0,27.0,0,1.0,0,2,0.0,0,33.0,2045.0,68.0,0,1572.0,0.0,76.0,129.0,319.0,32.0,150.0,0,0,0.0,51.0,0.0,0,0.0,42.0,0.0,0.0,0.0,0.0,0.0,0.0,0.0,29.0,0.0,0.0,5,0.0,0,0
1,0,0.0,10,0.0,4.0,300.0,16,0.0,0,0.0,0.0,190.0,0.0,0,3,0.0,0,3.0,86.0,0,0.0,5,1,0.0,0,50.0,0.0,94.0,0,126.0,0.0,239.0,105.0,0.0,59.0,635.0,0,0,0.0,61.0,64.0,0,281.0,5.0,2.0,839.0,0.0,0.0,44.0,0.0,0.0,64.0,0.0,3124.0,8,0.0,0,0
1,0,0.0,0,0.0,322.0,2143.0,0,383.0,0,0.0,0.0,111.0,0.0,0,0,0.0,1,6.0,3414.0,0,0.0,4,0,0.0,0,0.0,0.0,38.0,1,195.0,0.0,172.0,1.0,329.0,61.0,0.0,0,0,0.0,16.0,150.0,0,413.0,0.0,32.0,125.0,0.0,0.0,36.0,823.0,0.0,17.0,0.0,1196.0,4,5.0,0,0
1,0,0.0,0,0.0,1.0,525.0,0,203.0,0,0.0,7.0,104.0,0.0,0,0,0.0,0,5.0,70.0,15,1.0,0,0,0.0,0,0.0,0.0,1358.0,0,38.0,0.0,250.0,156.0,616.0,54.0,0.0,0,0,1.0,49.0,142.0,0,422.0,168.0,0.0,304.0,0.0,0.0,33.0,0.0,0.0,606.0,0.0,0.0,7,0.0,0,0
1,0,0.0,0,5.0,0.0,13013.0,0,105.0,0,0.0,0.0,154.0,0.0,0,0,0.0,0,2.0,63.0,0,1.0,5,0,0.0,0,0.0,0.0,133.0,0,1122.0,1.0,0.0,147.0,3762.0,0.0,0.0,0,0,1.0,36.0,90.0,0,385.0,156.0,0.0,70.0,0.0,0.0,0.0,0.0,0.0,0.0,0.0,26.0,4,58.0,0,0
1,1,0.0,0,5.0,6.0,511.0,9,0.0,0,0.0,0.0,170.0,0.0,0,0,0.0,0,2.0,70.0,0,34.0,22,25,0.0,0,17.0,467.0,134.0,0,0.0,0.0,135.0,96.0,130.0,0.0,0.0,0,0,0.0,54.0,131.0,0,0.0,296.0,0.0,33.0,0.0,1.0,32.0,1.0,0.0,0.0,0.0,0.0,8,0.0,0,0
1,0,0.0,0,5.0,9.0,429.0,0,166.0,1,7.0,0.0,96.0,0.0,0,0,0.0,1,6.0,146.0,10,18.0,4,1,0.0,0,0.0,176.0,140.0,0,153.0,2.0,55.0,86.0,276.0,25.0,0.0,0,0,0.0,18.0,147.0,0,108.0,35.0,0.0,458.0,0.0,0.0,48.0,0.0,0.0,19.0,56.0,1254.0,5,0.0,0,0
1,0,0.0,0,5.0,5.0,318.0,0,77.0,0,8.0,0.0,161.0,0.0,0,0,0.0,0,4.0,23.0,1,1.0,3,1,0.0,0,49.0,0.0,147.0,44,0.0,0.0,7151.0,214.0,0.0,0.0,1025.0,0,0,0.0,12.0,4933.0,0,57.0,17.0,0.0,388.0,0.0,0.0,0.0,3.0,0.0,14.0,0.0,0.0,0,0.0,0,0
1,0,0.0,2,0.0,0.0,192.0,0,0.0,0,0.0,0.0,168.0,19.0,0,0,0.0,0,11.0,642.0,0,0.0,0,1,0.0,0,25.0,0.0,77.0,0,212.0,0.0,384.0,102.0,76.0,23.0,103.0,0,0,0.0,2.0,0.0,0,0.0,184.0,19.0,180.0,0.0,0.0,0.0,0.0,0.0,29.0,156.0,0.0,7,0.0,0,0
1,0,0.0,1,0.0,313.0,221.0,0,0.0,0,0.0,13.0,6605.0,62.0,0,0,0.0,0,7.0,53.0,0,0.0,0,0,0.0,0,305.0,0.0,4484.0,0,100.0,0.0,517.0,32.0,340.0,12.0,0.0,0,0,0.0,56.0,18.0,0,205.0,153.0,0.0,683.0,0.0,0.0,0.0,0.0,0.0,0.0,0.0,0.0,6,0.0,0,0
1,0,0.0,2,0.0,7.0,12.0,0,0.0,0,2.0,3.0,0.0,5.0,0,0,0.0,0,23.0,75.0,28,1.0,0,1,1.0,0,0.0,508.0,9.0,0,189.0,0.0,5.0,33.0,0.0,74.0,342.0,0,0,2.0,47.0,21.0,0,0.0,30.0,0.0,100.0,0.0,0.0,57.0,0.0,0.0,24.0,4586.0,215.0,8,602.0,0,0
1,0,0.0,1,0.0,0.0,2503.0,0,66.0,1,0.0,2.0,92.0,76.0,0,0,0.0,0,0.0,83.0,2,1.0,5,11,0.0,0,0.0,0.0,129.0,0,224.0,0.0,79.0,68.0,662.0,53.0,54.0,0,0,0.0,0.0,0.0,0,212.0,0.0,50.0,704.0,0.0,0.0,36.0,0.0,0.0,25.0,35.0,0.0,8,40.0,0,0
1,0,0.0,0,0.0,8.0,0.0,51,0.0,0,0.0,0.0,62.0,0.0,0,6,0.0,0,8.0,914.0,4,1.0,0,0,0.0,0,0.0,0.0,87.0,0,0.0,0.0,651.0,203.0,0.0,21.0,0.0,0,0,0.0,74.0,0.0,0,179.0,130.0,9.0,123.0,0.0,0.0,0.0,715.0,0.0,63.0,0.0,1589.0,6,0.0,0,0
1,0,0.0,0,0.0,5.0,203.0,0,118.0,0,2.0,7.0,39.0,91.0,0,0,0.0,0,4.0,79.0,1,49.0,2,1,0.0,0,0.0,0.0,88.0,0,0.0,0.0,122.0,6435.0,3791.0,0.0,2144.0,0,0,2.0,1445.0,106.0,0,2170.0,327.0,0.0,130.0,0.0,0.0,289.0,0.0,0.0,82.0,50.0,0.0,9,0.0,0,0
1,0,0.0,0,1.0,4.0,317.0,0,11924.0,0,0.0,0.0,0.0,0.0,5,0,0.0,2,30.0,23.0,1,0.0,17,2,0.0,0,15.0,0.0,50.0,56,206.0,0.0,602.0,0.0,28.0,37.0,0.0,0,0,0.0,66.0,75.0,0,2150.0,0.0,0.0,1432.0,0.0,2.0,13.0,0.0,0.0,21.0,1085.0,3768.0,1,9.0,0,0
1,0,0.0,0,0.0,0.0,8903.0,20,36.0,0,1.0,0.0,54.0,0.0,0,0,0.0,0,4.0,8.0,0,1.0,3,1,0.0,0,0.0,0.0,92.0,0,192.0,0.0,56.0,0.0,181.0,22.0,0.0,0,0,0.0,43.0,0.0,0,6238.0,87.0,0.0,200.0,0.0,0.0,0.0,0.0,0.0,0.0,43.0,12.0,9,0.0,0,0
1,1,0.0,1,316.0,0.0,81.0,0,0.0,0,1.0,18.0,70.0,6.0,1,0,0.0,0,2.0,3134.0,0,0.0,0,35,0.0,0,1517.0,240.0,5300.0,0,120.0,0.0,301.0,250.0,66.0,24.0,0.0,0,0,0.0,63.0,24.0,0,0.0,319.0,0.0,63.0,0.0,0.0,3.0,0.0,0.0,14.0,0.0,2252.0,8,0.0,0,0
1,0,0.0,0,7.0,6.0,0.0,0,0.0,0,0.0,0.0,177.0,0.0,1,0,0.0,0,0.0,123.0,5,1.0,0,1,0.0,0,0.0,0.0,625.0,0,42.0,0.0,127.0,64.0,52.0,0.0,0.0,0,0,1.0,0.0,38.0,0,37.0,0.0,0.0,1376.0,0.0,0.0,15.0,219.0,0.0,74.0,244.0,1504.0,7,0.0,0,0
1,0,0.0,1,0.0,3.0,313.0,13,0.0,1,8.0,0.0,114.0,82.0,0,0,0.0,0,4.0,0.0,0,1.0,1,10,0.0,0,0.0,0.0,163.0,0,0.0,5.0,0.0,114.0,0.0,0.0,0.0,0,0,0.0,30.0,114.0,0,212.0,0.0,0.0,196.0,0.0,0.0,0.0,0.0,59.0,0.0,123.0,0.0,7,18.0,0,0
1,0,0.0,0,0.0,241.0,189.0,10,3365.0,0,0.0,0.0,0.0,0.0,0,0,0.0,0,7.0,73.0,13,1.0,5,0,1.0,0,0.0,0.0,42.0,3,103.0,6.0,667.0,18.0,0.0,18.0,0.0,0,0,0.0,37.0,30.0,0,322.0,108.0,0.0,240.0,0.0,0.0,0.0,4.0,0.0,62.0,0.0,255.0,6,0.0,0,0
1,0,0.0,0,54.0,9.0,413.0,0,0.0,0,2.0,0.0,168.0,0.0,2,0,0.0,0,71.0,165.0,3,1.0,1,1,0.0,0,0.0,3940.0,79.0,17,165.0,0.0,0.0,36.0,0.0,27.0,2219.0,0,0,1.0,53.0,0.0,0,0.0,11028.0,0.0,491.0,0.0,0.0,45.0,0.0,0.0,46.0,0.0,0.0,0,0.0,0,0
1,2,3.0,1,0.0,8.0,242.0,0,134.0,0,0.0,0.0,210.0,0.0,3,0,0.0,0,6.0,115.0,1,0.0,0,11,0.0,0,0.0,0.0,79.0,63,97.0,0.0,233.0,160.0,162.0,26.0,0.0,0,0,0.0,24.0,8.0,0,456.0,0.0,12.0,204.0,0.0,0.0,0.0,18.0,0.0,105.0,0.0,177.0,0,60.0,0,0
1,0,0.0,2,13.0,5.0,258.0,0,204.0,0,0.0,0.0,152.0,0.0,0,0,0.0,0,5.0,88.0,1,1.0,0,1,0.0,0,26.0,1020.0,0.0,0,219.0,0.0,580.0,86.0,0.0,24.0,571.0,0,0,1.0,5.0,20.0,0,335.0,77.0,24.0,997.0,0.0,0.0,0.0,4.0,0.0,0.0,0.0,2981.0,31,0.0,1,0
1,0,3.0,0,0.0,0.0,396.0,0,0.0,0,0.0,0.0,181.0,0.0,0,0,0.0,0,8.0,682.0,3,1.0,0,0,0.0,0,0.0,908.0,103.0,0,131.0,0.0,868.0,48.0,731.0,0.0,0.0,0,0,10.0,0.0,23.0,0,339.0,7.0,1.0,0.0,0.0,0.0,8.0,14.0,0.0,53.0,0.0,0.0,30,42.0,0,0
1,0,0.0,0,2.0,5.0,246.0,0,121.0,0,0.0,0.0,12.0,0.0,0,0,0.0,0,3.0,41.0,0,1.0,0,1,0.0,0,156.0,0.0,136.0,45,56.0,0.0,608.0,106.0,0.0,0.0,0.0,0,0,0.0,44.0,19.0,0,0.0,930.0,0.0,224.0,0.0,0.0,0.0,0.0,0.0,0.0,0.0,0.0,4,0.0,0,0
1,0,0.0,2,0.0,0.0,417.0,0,0.0,0,0.0,5.0,198.0,0.0,0,0,0.0,0,7.0,149.0,0,0.0,4,2,0.0,0,0.0,0.0,0.0,0,273.0,4.0,0.0,15.0,1591.0,69.0,0.0,0,0,0.0,19.0,0.0,0,237.0,1519.0,0.0,256.0,0.0,1.0,0.0,0.0,0.0,0.0,0.0,1506.0,4,0.0,0,0
1,0,0.0,0,7.0,212.0,198.0,0,110.0,0,0.0,0.0,58.0,0.0,0,0,0.0,0,6.0,109.0,0,1.0,5,0,0.0,0,2.0,0.0,56.0,0,136.0,0.0,348.0,47.0,311.0,46.0,0.0,0,0,0.0,0.0,126.0,0,235.0,61.0,0.0,412.0,0.0,0.0,15.0,0.0,1373.0,0.0,0.0,0.0,8,0.0,0,0
1,0,0.0,1,6.0,5.0,427.0,0,0.0,0,0.0,0.0,176.0,0.0,0,0,0.0,0,2.0,15.0,0,1.0,1,1,1.0,0,0.0,0.0,150.0,4,133.0,7.0,19007.0,131.0,467.0,57.0,433.0,0,0,0.0,40.0,5309.0,0,396.0,104.0,37.0,1040.0,0.0,0.0,10.0,0.0,0.0,0.0,16.0,1.0,3,1807.0,0,0
1,0,1.0,2,0.0,10.0,80.0,0,0.0,0,0.0,0.0,92.0,0.0,2,1,0.0,0,0.0,2791.0,0,0.0,3,1,0.0,0,0.0,0.0,128.0,16,159.0,1.0,316.0,106.0,445.0,819.0,546.0,0,0,0.0,19.0,72.0,0,32.0,93.0,2.0,204.0,0.0,0.0,0.0,438.0,0.0,13.0,59.0,2624.0,6,0.0,0,0
1,1,0.0,0,0.0,10.0,153.0,0,0.0,1,15.0,0.0,28.0,0.0,0,0,0.0,0,3.0,3418.0,0,21.0,5,2,0.0,0,0.0,77.0,43.0,0,0.0,0.0,311.0,172.0,286.0,0.0,0.0,0,0,0.0,52.0,126.0,0,141.0,250.0,3.0,380.0,0.0,1.0,29.0,0.0,0.0,49.0,0.0,69.0,2,1214.0,0,0
1,1,0.0,0,0.0,6.0,412.0,12,95.0,0,0.0,19.0,163.0,0.0,0,2,0.0,0,8.0,48.0,15,1.0,0,0,0.0,0,97.0,0.0,150.0,0,268.0,3.0,10073.0,130.0,0.0,45.0,5315.0,0,0,0.0,59.0,0.0,0,41.0,125.0,0.0,1235.0,0.0,0.0,36.0,163.0,0.0,0.0,0.0,1788.0,2,18.0,0,0
1,0,0.0,0,0.0,0.0,0.0,0,0.0,0,0.0,0.0,201.0,0.0,0,0,0.0,0,0.0,64.0,1,17.0,0,1,0.0,0,0.0,178.0,28.0,62,227.0,0.0,700.0,210.0,377.0,47.0,895.0,0,0,2.0,68.0,121.0,0,126.0,88.0,0.0,246.0,0.0,0.0,33.0,8.0,0.0,20.0,0.0,0.0,245,0.0,0,0
1,1,0.0,0,0.0,11.0,50.0,0,35.0,0,0.0,0.0,98.0,34.0,3,0,0.0,0,9.0,127.0,0,8.0,0,2,0.0,0,0.0,0.0,76.0,1,0.0,1.0,6464.0,134.0,0.0,9.0,0.0,0,0,0.0,27.0,96.0,0,29.0,91.0,0.0,54.0,0.0,0.0,0.0,0.0,0.0,105.0,0.0,0.0,5,54.0,0,0
1,0,0.0,0,0.0,4.0,60.0,0,0.0,0,0.0,0.0,93.0,34.0,0,0,0.0,0,6.0,87.0,0,0.0,0,10,0.0,0,0.0,0.0,98.0,0,79.0,0.0,3055.0,0.0,0.0,0.0,6962.0,0,0,1.0,0.0,3.0,0,66.0,268.0,0.0,257.0,0.0,2.0,0.0,0.0,0.0,32.0,0.0,0.0,7,0.0,0,0
1,0,0.0,3,624.0,10.0,61.0,42,128.0,0,0.0,0.0,198.0,0.0,0,0,0.0,0,5.0,1864.0,2,1.0,4,0,0.0,0,26.0,0.0,79.0,0,221.0,0.0,431.0,65.0,2429.0,31.0,184.0,0,0,1.0,22.0,69.0,0,0.0,40.0,0.0,683.0,0.0,0.0,0.0,0.0,0.0,0.0,0.0,0.0,9,0.0,0,0
1,0,0.0,0,0.0,3.0,0.0,0,0.0,0,16.0,0.0,203.0,47.0,0,0,0.0,0,3.0,0.0,7,1.0,5,1,0.0,0,0.0,1338.0,63.0,3,150.0,0.0,22857.0,61.0,79.0,46.0,0.0,0,0,1.0,45.0,0.0,0,12.0,0.0,0.0,280.0,0.0,2.0,11.0,0.0,0.0,83.0,36.0,86.0,6,0.0,0,0
1,0,0.0,4,0.0,7.0,402.0,40,37.0,0,0.0,6.0,96.0,0.0,0,1,0.0,1,3.0,137.0,7,0.0,1,0,0.0,0,1798.0,60.0,157.0,77,22.0,0.0,569.0,102.0,0.0,457.0,0.0,0,0,0.0,45.0,62.0,0,211.0,286.0,0.0,51.0,0.0,0.0,0.0,7.0,0.0,0.0,0.0,78.0,0,0.0,0,0
1,0,0.0,8,0.0,6.0,199.0,33,0.0,0,0.0,0.0,27.0,7.0,0,0,0.0,0,8.0,764.0,20,3.0,0,2,0.0,0,0.0,0.0,5025.0,0,43.0,0.0,284.0,54.0,0.0,0.0,762.0,0,0,0.0,0.0,129.0,0,151.0,102.0,28.0,820.0,0.0,0.0,29.0,62.0,0.0,0.0,0.0,0.0,0,0.0,0,0
1,0,0.0,4,0.0,6.0,351.0,0,0.0,0,1.0,0.0,0.0,0.0,0,0,0.0,0,6.0,639.0,1,0.0,3,8,0.0,0,0.0,0.0,945.0,0,21.0,1.0,11471.0,70.0,0.0,29.0,609.0,0,0,1.0,0.0,86.0,0,0.0,257.0,0.0,0.0,0.0,0.0,7.0,0.0,0.0,369.0,673.0,142.0,6,0.0,0,0
1,1,17.0,8,0.0,7.0,193.0,0,0.0,0,0.0,0.0,81.0,0.0,0,0,0.0,1,4.0,113.0,3,1.0,0,1,0.0,0,0.0,59.0,95.0,0,221.0,0.0,390.0,171.0,112.0,10.0,24.0,0,0,0.0,58.0,7.0,0,0.0,241.0,0.0,251.0,1.0,0.0,27.0,0.0,0.0,31.0,0.0,74.0,40,0.0,0,0
1,0,0.0,1,6.0,10.0,1134.0,0,83.0,1,0.0,0.0,0.0,0.0,0,0,0.0,0,8.0,0.0,0,18.0,0,0,0.0,0,0.0,0.0,100.0,0,193.0,0.0,20823.0,183.0,277.0,24.0,0.0,0,0,0.0,41.0,40.0,0,0.0,0.0,26.0,91.0,0.0,0.0,0.0,306.0,0.0,0.0,147.0,0.0,10,0.0,0,0
1,0,0.0,2,0.0,5.0,489.0,0,0.0,0,1.0,17.0,0.0,79.0,2,0,0.0,0,5.0,55.0,0,2.0,6,1,0.0,0,78.0,0.0,171.0,3,0.0,0.0,377.0,210.0,4126.0,0.0,0.0,0,0,0.0,67.0,0.0,0,43.0,0.0,20.0,473.0,0.0,0.0,0.0,19.0,126.0,29.0,0.0,535.0,4,124.0,0,0
1,0,0.0,0,403.0,6.0,90.0,37,239.0,0,0.0,30.0,177.0,0.0,0,0,0.0,0,3.0,141.0,14,1.0,8,0,0.0,0,0.0,107.0,61.0,2,258.0,2.0,617.0,0.0,94.0,3497.0,0.0,0,0,1.0,52.0,27.0,0,86.0,7690.0,0.0,123.0,0.0,0.0,3.0,10.0,0.0,0.0,0.0,1.0,9,0.0,0,0
1,0,1.0,5,0.0,12.0,245.0,0,7213.0,0,2.0,0.0,156.0,0.0,0,0,0.0,0,8.0,126.0,1,0.0,5,2,0.0,0,0.0,0.0,137.0,2,1321.0,3.0,844.0,142.0,289.0,57.0,0.0,0,0,1.0,28.0,60.0,0,329.0,375.0,0.0,169.0,0.0,0.0,0.0,6.0,0.0,0.0,0.0,0.0,6,0.0,0,0
1,0,0.0,0,0.0,0.0,443.0,0,102.0,0,0.0,0.0,199.0,0.0,0,0,0.0,1,10.0,145.0,11,0.0,0,0,0.0,0,0.0,0.0,116.0,0,0.0,1.0,0.0,93.0,0.0,10.0,427.0,0,0,1.0,23.0,1524.0,0,0.0,177.0,0.0,78.0,0.0,0.0,0.0,9.0,0.0,54.0,0.0,33.0,5,0.0,0,0
1,0,0.0,1,4.0,7.0,320.0,31,237.0,1,0.0,0.0,130.0,0.0,0,0,0.0,1,10.0,103.0,0,0.0,0,1,0.0,0,35.0,0.0,117.0,2,266.0,0.0,838.0,124.0,0.0,0.0,635.0,0,0,0.0,0.0,112.0,0,220.0,100.0,17.0,1449.0,0.0,0.0,17.0,0.0,0.0,0.0,0.0,2374.0,4,0.0,0,0
1,1,0.0,1,0.0,0.0,963.0,0,0.0,0,2.0,0.0,12.0,11.0,2,0,0.0,0,6.0,90.0,5,0.0,0,1,0.0,0,4.0,127.0,38.0,0,228.0,0.0,2258.0,107.0,351.0,17.0,373.0,0,0,0.0,69.0,47.0,0,0.0,110.0,0.0,183.0,0.0,10.0,14.0,259.0,0.0,53.0,51.0,0.0,10,0.0,0,0
1,0,0.0,0,0.0,380.0,0.0,0,0.0,0,0.0,0.0,81.0,42.0,1,0,0.0,0,2.0,97.0,0,2.0,5,10,0.0,0,0.0,0.0,34.0,0,1088.0,0.0,906.0,66.0,0.0,0.0,202.0,0,0,0.0,64.0,5362.0,0,87.0,168.0,0.0,298.0,0.0,1.0,12.0,24.0,0.0,0.0,0.0,0.0,9,0.0,0,0
1,0,0.0,0,0.0,12.0,529.0,0,133.0,0,0.0,1.0,0.0,0.0,0,0,0.0,0,3.0,26.0,8,1.0,1,1,0.0,0,44.0,6844.0,144.0,1,55.0,20.0,883.0,196.0,4997.0,84.0,0.0,0,0,0.0,67.0,0.0,0,0.0,0.0,0.0,178.0,0.0,0.0,12.0,1.0,13.0,90.0,0.0,3047.0,8,107.0,0,0
1,0,0.0,3,0.0,7.0,490.0,13,226.0,1,0.0,20.0,126.0,0.0,0,0,0.0,0,6.0,129.0,0,1.0,4,9,0.0,0,0.0,0.0,142.0,64,146.0,0.0,9719.0,73.0,198.0,0.0,174.0,0,0,0.0,46.0,146.0,0,118.0,264.0,0.0,1185.0,0.0,0.0,768.0,0.0,1995.0,0.0,0.0,4406.0,0,0.0,0,0
1,0,0.0,3,0.0,366.0,235.0,0,8995.0,0,0.0,0.0,4025.0,0.0,1,0,0.0,0,10.0,38.0,6,1.0,0,8,0.0,0,408.0,0.0,113.0,1,161.0,0.0,226.0,0.0,0.0,51.0,15436.0,0,0,0.0,0.0,0.0,0,338.0,0.0,0.0,148.0,0.0,0.0,0.0,1.0,0.0,0.0,0.0,0.0,6,0.0,0,0
1,1,0.0,9,0.0,250.0,0.0,0,3712.0,0,3.0,0.0,152.0,0.0,0,0,0.0,2,8.0,102.0,0,0.0,0,10,0.0,0,0.0,0.0,140.0,0,80.0,0.0,87.0,54.0,1194.0,0.0,8058.0,0,0,0.0,0.0,943.0,0,0.0,1383.0,41.0,0.0,0.0,0.0,1.0,0.0,0.0,0.0,0.0,2882.0,6,1046.0,0,0
1,0,0.0,0,0.0,6.0,175.0,0,0.0,0,0.0,0.0,0.0,85.0,0,0,0.0,0,7.0,705.0,0,0.0,12,1,0.0,0,0.0,142.0,264.0,62,7070.0,0.0,0.0,43.0,305.0,34.0,3054.0,0,0,1.0,70.0,0.0,0,112.0,186.0,0.0,1305.0,0.0,0.0,7.0,16.0,10.0,0.0,0.0,0.0,1,2652.0,0,0
1,0,3.0,2,0.0,9.0,391.0,37,202.0,0,0.0,0.0,132.0,0.0,0,0,0.0,0,2.0,3404.0,0,0.0,0,2,0.0,0,0.0,0.0,164.0,1,188.0,1.0,457.0,177.0,0.0,0.0,6695.0,0,0,0.0,74.0,40.0,0,22.0,230.0,0.0,30.0,0.0,0.0,0.0,104.0,0.0,14.0,0.0,0.0,6,2.0,0,0
1,0,0.0,0,3.0,4.0,5194.0,0,21.0,0,0.0,0.0,0.0,0.0,0,0,0.0,0,5.0,39.0,0,1.0,4,0,0.0,0,5.0,0.0,112.0,3,827.0,6.0,430.0,44.0,26.0,59.0,3509.0,0,0,0.0,56.0,0.0,0,137.0,0.0,0.0,9.0,0.0,1.0,0.0,2.0,59.0,34.0,0.0,132.0,3,0.0,0,0
1,1,0.0,1,0.0,11.0,109.0,0,0.0,2,0.0,5.0,205.0,60.0,0,0,0.0,1,4.0,114.0,86,10.0,0,2,0.0,0,0.0,0.0,132.0,32,160.0,0.0,296.0,216.0,189.0,0.0,0.0,0,0,2.0,65.0,0.0,0,0.0,140.0,0.0,333.0,0.0,1.0,0.0,14.0,132.0,975.0,46.0,0.0,5,2107.0,0,0
1,0,0.0,0,0.0,11.0,142.0,0,0.0,0,0.0,0.0,214.0,0.0,0,0,1.0,0,3.0,0.0,12,2.0,1,22,0.0,0,0.0,329.0,99.0,0,44.0,0.0,0.0,133.0,0.0,9.0,4756.0,0,0,1.0,0.0,125.0,0,288.0,49.0,0.0,934.0,0.0,1.0,0.0,0.0,0.0,0.0,2735.0,0.0,4,0.0,0,0
1,0,0.0,0,0.0,452.0,0.0,0,0.0,0,0.0,0.0,0.0,0.0,0,0,0.0,0,2.0,0.0,0,0.0,1,24,0.0,0,0.0,151.0,147.0,0,177.0,0.0,0.0,95.0,0.0,16.0,385.0,0,0,0.0,18.0,125.0,0,0.0,201.0,0.0,1482.0,0.0,1.0,49.0,0.0,0.0,10.0,129.0,0.0,0,0.0,0,0
1,0,0.0,3,0.0,0.0,1542.0,0,1.0,0,2.0,5.0,0.0,0.0,0,0,0.0,0,2.0,104.0,0,0.0,0,0,0.0,0,0.0,2808.0,1151.0,58,138.0,0.0,850.0,237.0,0.0,1438.0,0.0,0,0,0.0,71.0,0.0,0,231.0,236.0,2.0,61.0,0.0,1.0,40.0,650.0,3388.0,0.0,0.0,3915.0,7,0.0,0,0
1,0,0.0,0,0.0,0.0,96.0,0,0.0,0,0.0,14.0,221.0,0.0,0,0,0.0,0,9.0,98.0,0,39.0,0,32,0.0,0,0.0,0.0,68.0,0,7468.0,4.0,245.0,0.0,0.0,0.0,294.0,0,0,0.0,38.0,0.0,0,99.0,4878.0,0.0,132.0,0.0,0.0,0.0,14.0,0.0,0.0,0.0,0.0,0,51.0,0,0
1,0,0.0,0,0.0,11.0,0.0,0,0.0,0,0.0,0.0,209.0,0.0,0,1,0.0,0,2.0,52.0,0,1.0,3,1,0.0,0,16.0,366.0,37.0,0,1356.0,2.0,3469.0,87.0,50.0,0.0,0.0,0,0,1.0,17.0,0.0,0,0.0,217.0,0.0,955.0,0.0,0.0,0.0,0.0,0.0,10.0,0.0,0.0,9,1323.0,0,0
1,0,0.0,2,0.0,0.0,2264.0,23,0.0,0,1.0,31.0,182.0,5.0,0,0,0.0,0,10.0,135.0,9,1.0,0,9,0.0,0,0.0,0.0,122.0,0,250.0,0.0,0.0,2757.0,203.0,45.0,0.0,0,0,0.0,55.0,30.0,0,379.0,176.0,19.0,0.0,0.0,0.0,0.0,12.0,0.0,0.0,0.0,17.0,4,0.0,0,0
1,0,0.0,1,116.0,7.0,0.0,4,0.0,0,6.0,0.0,127.0,0.0,1,2,0.0,0,7.0,0.0,0,2.0,6,15,0.0,0,112.0,164.0,840.0,0,109.0,0.0,453.0,211.0,1942.0,30.0,0.0,0,0,1.0,3.0,34.0,0,6.0,220.0,0.0,98.0,0.0,23.0,0.0,3.0,0.0,22.0,0.0,4399.0,3,0.0,0,0
1,0,0.0,0,224.0,8.0,0.0,0,0.0,0,1.0,1.0,225.0,0.0,0,0,0.0,0,6.0,131.0,3,7.0,1,0,0.0,0,0.0,0.0,186.0,0,0.0,0.0,715.0,209.0,238.0,29.0,0.0,0,0,0.0,54.0,21.0,0,208.0,270.0,0.0,424.0,0.0,0.0,0.0,563.0,33.0,0.0,12.0,929.0,3,0.0,0,0
1,0,0.0,2,0.0,14.0,422.0,0,0.0,0,1.0,0.0,205.0,0.0,0,0,7.0,0,6.0,91.0,2,0.0,4,2,5.0,0,0.0,0.0,99.0,47,14.0,2.0,3455.0,163.0,536.0,0.0,2724.0,0,0,1.0,43.0,109.0,0,5991.0,140.0,0.0,505.0,0.0,0.0,50.0,0.0,0.0,35.0,0.0,0.0,0,0.0,0,0
1,0,0.0,0,0.0,7.0,0.0,0,0.0,0,0.0,0.0,30.0,0.0,0,0,0.0,0,5.0,911.0,0,2.0,4,1,0.0,0,0.0,3995.0,0.0,2,148.0,0.0,0.0,53.0,182.0,0.0,0.0,0,0,0.0,11.0,60.0,0,130.0,185.0,0.0,974.0,0.0,0.0,50.0,0.0,0.0,217.0,0.0,0.0,9,120.0,0,0
1,0,0.0,0,19.0,10.0,359.0,0,0.0,2,0.0,0.0,29.0,65.0,0,0,0.0,0,5.0,3873.0,8,0.0,1,0,0.0,9,0.0,0.0,39.0,0,16.0,2.0,0.0,236.0,0.0,0.0,364.0,0,0,0.0,53.0,43.0,0,267.0,0.0,0.0,231.0,0.0,0.0,0.0,11.0,97.0,66.0,0.0,694.0,8,0.0,0,0
1,0,3.0,22,243.0,9.0,349.0,0,165.0,0,0.0,0.0,37.0,0.0,0,0,0.0,0,9.0,100.0,2,8.0,7,9,0.0,0,0.0,0.0,112.0,1,94.0,0.0,263.0,51.0,0.0,53.0,986.0,0,0,2.0,67.0,42.0,0,0.0,310.0,0.0,0.0,0.0,1.0,17.0,11.0,0.0,0.0,0.0,62.0,5,35.0,0,0
1,0,0.0,1,0.0,4.0,156.0,0,398.0,0,0.0,19.0,221.0,0.0,0,0,0.0,0,7.0,133.0,0,1.0,0,0,0.0,0,0.0,0.0,13.0,61,6049.0,0.0,155.0,10.0,237.0,54.0,0.0,0,0,0.0,65.0,94.0,0,39.0,243.0,0.0,1118.0,0.0,0.0,58.0,12.0,0.0,0.0,15.0,121.0,10,0.0,0,0
1,0,0.0,0,1.0,4.0,234.0,22,67.0,0,0.0,6.0,40.0,0.0,0,0,0.0,0,6.0,96.0,21,0.0,2,1,7.0,0,1596.0,190.0,104.0,1,227.0,0.0,861.0,111.0,0.0,0.0,0.0,0,0,1.0,38.0,3310.0,0,257.0,213.0,0.0,295.0,0.0,0.0,0.0,0.0,0.0,51.0,0.0,79.0,9,0.0,0,0
1,1,0.0,2,0.0,8.0,489.0,0,299.0,0,1.0,0.0,77.0,0.0,0,1,0.0,0,3.0,133.0,0,0.0,0,2,0.0,0,0.0,0.0,107.0,1,41.0,0.0,14578.0,232.0,0.0,0.0,652.0,0,0,0.0,29.0,36.0,0,136.0,90.0,30.0,99.0,0.0,0.0,0.0,197.0,0.0,0.0,155.0,0.0,23,0.0,0,0
1,0,0.0,0,0.0,8.0,9.0,38,0.0,0,0.0,0.0,32.0,0.0,0,0,0.0,0,9.0,92.0,0,45.0,3,0,0.0,5,0.0,0.0,70.0,2,145.0,1.0,462.0,0.0,111.0,0.0,0.0,0,0,0.0,31.0,65.0,0,32.0,263.0,0.0,599.0,0.0,0.0,0.0,0.0,0.0,74.0,18.0,0.0,8,0.0,0,0
1,0,0.0,1,0.0,10.0,435.0,41,0.0,22,0.0,0.0,88.0,0.0,0,0,0.0,0,4.0,107.0,1,0.0,2,15,0.0,0,0.0,0.0,56.0,0,166.0,0.0,849.0,142.0,0.0,0.0,0.0,0,0,0.0,54.0,114.0,0,104.0,6.0,0.0,1025.0,0.0,0.0,0.0,0.0,0.0,41.0,265.0,0.0,8,0.0,0,0
1,0,0.0,2,0.0,10.0,256.0,0,41.0,0,0.0,0.0,147.0,0.0,0,0,0.0,0,2.0,53.0,0,1.0,4,33,0.0,0,58.0,223.0,134.0,47,150.0,0.0,0.0,132.0,787.0,0.0,416.0,0,0,2.0,51.0,124.0,0,0.0,227.0,0.0,220.0,0.0,0.0,2.0,20.0,0.0,95.0,60.0,0.0,2,0.0,0,0
1,0,0.0,1,13.0,10.0,0.0,0,1.0,1,0.0,0.0,90.0,0.0,0,0,0.0,0,2.0,0.0,4,0.0,4,0,0.0,0,58.0,241.0,157.0,3,86.0,7.0,412.0,120.0,304.0,0.0,0.0,0,0,0.0,33.0,52.0,0,0.0,106.0,0.0,1148.0,0.0,1.0,0.0,8.0,0.0,82.0,545.0,48.0,30,0.0,0,0
1,0,0.0,1,0.0,8.0,43.0,0,100.0,0,0.0,5.0,52.0,0.0,0,0,0.0,0,7.0,0.0,9,1.0,0,0,0.0,0,0.0,1832.0,93.0,0,203.0,0.0,19970.0,114.0,0.0,63.0,0.0,0,0,1.0,37.0,0.0,0,231.0,64.0,0.0,260.0,0.0,0.0,0.0,0.0,0.0,1.0,183.0,0.0,3,0.0,0,0
1,0,0.0,1,0.0,157.0,10480.0,16,0.0,0,0.0,0.0,192.0,0.0,0,0,0.0,0,0.0,0.0,9,2.0,6,2,0.0,0,0.0,42.0,115.0,0,1292.0,2.0,0.0,72.0,0.0,26.0,2279.0,0,0,0.0,69.0,32.0,0,11835.0,167.0,0.0,813.0,0.0,0.0,0.0,0.0,0.0,0.0,81.0,0.0,3,13.0,0,0
1,0,0.0,1,0.0,7.0,138.0,0,2593.0,2,0.0,0.0,177.0,0.0,0,0,0.0,0,16.0,82.0,0,1.0,0,0,0.0,0,0.0,929.0,120.0,0,191.0,0.0,14037.0,0.0,0.0,39.0,0.0,0,0,0.0,44.0,4020.0,0,4375.0,169.0,0.0,1197.0,0.0,0.0,715.0,0.0,0.0,13.0,127.0,0.0,3,0.0,0,0
1,0,0.0,0,0.0,0.0,317.0,0,5208.0,0,13.0,0.0,0.0,0.0,0,0,0.0,0,0.0,65.0,0,0.0,0,1,0.0,10,6.0,0.0,90.0,69,237.0,0.0,647.0,0.0,0.0,25.0,0.0,0,0,0.0,33.0,111.0,0,155.0,0.0,0.0,15.0,0.0,0.0,30.0,385.0,0.0,90.0,0.0,4708.0,7,0.0,0,0
1,1,0.0,9,0.0,0.0,859.0,0,212.0,0,0.0,0.0,218.0,0.0,0,0,0.0,0,6.0,0.0,4,0.0,3,0,0.0,0,54.0,0.0,1045.0,1,182.0,0.0,575.0,0.0,0.0,69.0,857.0,0,0,0.0,43.0,48.0,0,0.0,1409.0,0.0,116.0,0.0,2.0,0.0,10.0,0.0,0.0,218.0,0.0,31,0.0,0,0
1,0,0.0,0,0.0,4.0,113.0,0,0.0,0,0.0,26.0,6358.0,0.0,0,0,0.0,0,9.0,999.0,13,1.0,4,0,0.0,0,0.0,1332.0,107.0,0,196.0,0.0,73.0,231.0,0.0,0.0,361.0,0,0,15.0,49.0,115.0,0,5870.0,292.0,0.0,240.0,0.0,0.0,20.0,19.0,0.0,58.0,0.0,103.0,34,0.0,0,0
1,0,0.0,2,0.0,3.0,378.0,0,0.0,0,0.0,0.0,168.0,0.0,0,0,0.0,0,9.0,926.0,3,0.0,0,2,7.0,0,1728.0,0.0,167.0,0,1649.0,0.0,344.0,126.0,2708.0,0.0,202.0,0,0,2.0,19.0,68.0,0,94.0,244.0,0.0,103.0,0.0,0.0,19.0,0.0,0.0,111.0,0.0,2093.0,6,0.0,0,0
